[{"model": "contenttypes.contenttype", "pk": 1, "fields": {"app_label": "admin", "model": "logentry"}}, {"model": "contenttypes.contenttype", "pk": 2, "fields": {"app_label": "auth", "model": "permission"}}, {"model": "contenttypes.contenttype", "pk": 3, "fields": {"app_label": "auth", "model": "group"}}, {"model": "contenttypes.contenttype", "pk": 4, "fields": {"app_label": "auth", "model": "user"}}, {"model": "contenttypes.contenttype", "pk": 5, "fields": {"app_label": "contenttypes", "model": "contenttype"}}, {"model": "contenttypes.contenttype", "pk": 6, "fields": {"app_label": "sessions", "model": "session"}}, {"model": "contenttypes.contenttype", "pk": 7, "fields": {"app_label": "posts", "model": "post"}}, {"model": "contenttypes.contenttype", "pk": 8, "fields": {"app_label": "posts", "model": "tag"}}, {"model": "sessions.session", "pk": "0567hagyphldruu97g4inan7fjx7p9v1", "fields": {"session_data": "MDhkNGRhOWMyYzRkZTEzOTA5MDFhZmU2NThmMjZhYWNmM2Y1MzE0ZTp7Il9hdXRoX3VzZXJfaWQiOiIyMSIsIl9hdXRoX3VzZXJfaGFzaCI6Ijc1NzQyMzFiMTZiNmExNjY1ZWQzNzI0NmZkNmFmMDM1MmNmNDUwNzQiLCJfYXV0aF91c2VyX2JhY2tlbmQiOiJkamFuZ28uY29udHJpYi5hdXRoLmJhY2tlbmRzLk1vZGVsQmFja2VuZCJ9", "expire_date": "2019-06-09T18:32:39.375Z"}}, {"model": "sessions.session", "pk": "0mv34846s5ep51en5kemy350xo3picft", "fields": {"session_data": "MjQyYzJiOTE0ZjRjNmUzYjJlZDE3NWU4YmM2NjlkMjgzYmJkMTcxYzp7Il9hdXRoX3VzZXJfaWQiOiI1NyIsIl9hdXRoX3VzZXJfaGFzaCI6Ijc3MGVjMDM0N2I3YjE5ZDFmN2QzZDE3NTlhNmZhZmM4OGQ0NWY5YjMiLCJfYXV0aF91c2VyX2JhY2tlbmQiOiJkamFuZ28uY29udHJpYi5hdXRoLmJhY2tlbmRzLk1vZGVsQmFja2VuZCJ9", "expire_date": "2019-09-16T20:43:38.191Z"}}, {"model": "sessions.session", "pk": "0vxs4mp12e7k9eu7iphq0cf6qaglr9hu", "fields": {"session_data": "YjBlMDgxNTc5Njg4YmJmMzFlM2JjMDY1ZDk2OTUyYjUzNjFiZGU1NTp7Il9hdXRoX3VzZXJfaGFzaCI6IjdlNjljZTNmYzVlMjY0NjkwNjc4YzQxMGFkMTkxMTg2MTcwMWQ5NTgiLCJfYXV0aF91c2VyX2JhY2tlbmQiOiJkamFuZ28uY29udHJpYi5hdXRoLmJhY2tlbmRzLk1vZGVsQmFja2VuZCIsIl9hdXRoX3VzZXJfaWQiOiIxIn0=", "expire_date": "2019-02-15T15:50:52.354Z"}}, {"model": "sessions.session", "pk": "17tokrh8o5702p3kp7k2gochce3d21sk", "fields": {"session_data": "Nzg5Yjg2NGIyNTA0YjVlOTE0YjliNDZkNGQ0YzM2NzE0OWM2NDBhZDp7Il9hdXRoX3VzZXJfaWQiOiI0OCIsIl9hdXRoX3VzZXJfaGFzaCI6IjhhMmJmY2U0Njg5MGE1M2MxZDg3ZWMzMmU0YjRmOWRiZWZmODkzN2EiLCJfYXV0aF91c2VyX2JhY2tlbmQiOiJkamFuZ28uY29udHJpYi5hdXRoLmJhY2tlbmRzLk1vZGVsQmFja2VuZCJ9", "expire_date": "2019-09-06T05:15:03.359Z"}}, {"model": "sessions.session", "pk": "1c8xgzax5g0wshh75xc5tqbzsohote8k", "fields": {"session_data": "YjMwZjEzNTg3YzBjYjNmNjcxZjRhZmVkNWNhOTBhZjVjMjExYTFkZjp7Il9hdXRoX3VzZXJfaWQiOiIxIiwiX2F1dGhfdXNlcl9oYXNoIjoiN2U2OWNlM2ZjNWUyNjQ2OTA2NzhjNDEwYWQxOTExODYxNzAxZDk1OCIsIl9hdXRoX3VzZXJfYmFja2VuZCI6ImRqYW5nby5jb250cmliLmF1dGguYmFja2VuZHMuTW9kZWxCYWNrZW5kIn0=", "expire_date": "2018-08-04T18:42:26.974Z"}}, {"model": "sessions.session", "pk": "1ceem94l8dervpoadit2h6sck06a413v", "fields": {"session_data": "YjBjODk5YzIzMjRhZmQxNmMxZTc1ODYxMzAzODI4MmY5MWM3MDEwYTp7Il9hdXRoX3VzZXJfYmFja2VuZCI6ImRqYW5nby5jb250cmliLmF1dGguYmFja2VuZHMuTW9kZWxCYWNrZW5kIiwiX2F1dGhfdXNlcl9pZCI6IjEiLCJfYXV0aF91c2VyX2hhc2giOiI3ZTY5Y2UzZmM1ZTI2NDY5MDY3OGM0MTBhZDE5MTE4NjE3MDFkOTU4In0=", "expire_date": "2018-01-27T19:37:52.651Z"}}, {"model": "sessions.session", "pk": "1e0ynved5y520yvuldv8hoad9z2wtp6c", "fields": {"session_data": "YjMwZjEzNTg3YzBjYjNmNjcxZjRhZmVkNWNhOTBhZjVjMjExYTFkZjp7Il9hdXRoX3VzZXJfaWQiOiIxIiwiX2F1dGhfdXNlcl9oYXNoIjoiN2U2OWNlM2ZjNWUyNjQ2OTA2NzhjNDEwYWQxOTExODYxNzAxZDk1OCIsIl9hdXRoX3VzZXJfYmFja2VuZCI6ImRqYW5nby5jb250cmliLmF1dGguYmFja2VuZHMuTW9kZWxCYWNrZW5kIn0=", "expire_date": "2018-10-05T21:01:34.815Z"}}, {"model": "sessions.session", "pk": "1qws9oq348bpeioe2c0hhgwqa9b7850t", "fields": {"session_data": "NzRiMmZhOTNhYjNmOTYyZjU3YTE5MGIxYjI2YzVjZjU1Nzk2YTVjZTp7Il9hdXRoX3VzZXJfaWQiOiI3IiwiX2F1dGhfdXNlcl9oYXNoIjoiNDE3NWY4NmM2OTE2Yjc5YWFjZjU4N2U3YTE2MzVmY2E3YjYwMGUzYSIsIl9hdXRoX3VzZXJfYmFja2VuZCI6ImRqYW5nby5jb250cmliLmF1dGguYmFja2VuZHMuTW9kZWxCYWNrZW5kIn0=", "expire_date": "2017-11-20T21:13:13.292Z"}}, {"model": "sessions.session", "pk": "2388x21y9eiks0gd6a342atfn3sjjegs", "fields": {"session_data": "ZjhhYzA0MGM1NDAxZmNkNjQ5ODE2Y2FkYmQzNDYyYzk1MzdkZDA0ZTp7Il9hdXRoX3VzZXJfaWQiOiIzNSIsIl9hdXRoX3VzZXJfaGFzaCI6IjE3ZjRhZDA2YzIxMTZmNmZmNzE0OGQxOWI3NTFlNmZlMzc0NTMyYzQiLCJfYXV0aF91c2VyX2JhY2tlbmQiOiJkamFuZ28uY29udHJpYi5hdXRoLmJhY2tlbmRzLk1vZGVsQmFja2VuZCJ9", "expire_date": "2019-07-20T11:22:10.057Z"}}, {"model": "sessions.session", "pk": "23ajskynpmcdpbg9ef6h0bj2r85wjedu", "fields": {"session_data": "YjI4ZTgwYjFlYWJlMGQ5ZDJkNzY0YzUxYTE5YmJjOTA4ZGVjMTAzYjp7Il9hdXRoX3VzZXJfaWQiOiIzMiIsIl9hdXRoX3VzZXJfaGFzaCI6IjJlMTMwYjVhYWRkZTdmZDllOWJkNjg4MGU5ZmJiMjRkY2ZhZTZjYWIiLCJfYXV0aF91c2VyX2JhY2tlbmQiOiJkamFuZ28uY29udHJpYi5hdXRoLmJhY2tlbmRzLk1vZGVsQmFja2VuZCJ9", "expire_date": "2019-06-26T10:34:56.350Z"}}, {"model": "sessions.session", "pk": "286f1m1ppovgonekjvadiq82y4sgscbh", "fields": {"session_data": "YjMwZjEzNTg3YzBjYjNmNjcxZjRhZmVkNWNhOTBhZjVjMjExYTFkZjp7Il9hdXRoX3VzZXJfaWQiOiIxIiwiX2F1dGhfdXNlcl9oYXNoIjoiN2U2OWNlM2ZjNWUyNjQ2OTA2NzhjNDEwYWQxOTExODYxNzAxZDk1OCIsIl9hdXRoX3VzZXJfYmFja2VuZCI6ImRqYW5nby5jb250cmliLmF1dGguYmFja2VuZHMuTW9kZWxCYWNrZW5kIn0=", "expire_date": "2018-09-12T05:47:08.848Z"}}, {"model": "sessions.session", "pk": "2e5fz6diwtbbin1caegt9pqnrpv78i8k", "fields": {"session_data": "ZDk5ZjFhN2I0YTJkM2RmMjdiMTk1OTJjMmM0NjBhMDI2ZDI0MWRhNTp7Il9hdXRoX3VzZXJfaWQiOiI1OSIsIl9hdXRoX3VzZXJfaGFzaCI6IjFjYzVlMjZkNzlkNGIxMzJlODY0YmMwMDgzYjkwMmE0YTU4MGU3NGIiLCJfYXV0aF91c2VyX2JhY2tlbmQiOiJkamFuZ28uY29udHJpYi5hdXRoLmJhY2tlbmRzLk1vZGVsQmFja2VuZCJ9", "expire_date": "2019-09-19T09:48:16.482Z"}}, {"model": "sessions.session", "pk": "2ekq0iue2i0onc4fea8wecb2ughn4urm", "fields": {"session_data": "OTY5ZjY2NGRlYWJiYjVlMjEyYThmYmZmYmU0ODc1ZGEzMDcxMDRlMzp7Il9hdXRoX3VzZXJfaWQiOiI1MSIsIl9hdXRoX3VzZXJfaGFzaCI6IjI0NDgwNThlMDk5MzJmM2U0NmM4YWVkYzFhYTNlZDhlOWFhN2Y1MzUiLCJfYXV0aF91c2VyX2JhY2tlbmQiOiJkamFuZ28uY29udHJpYi5hdXRoLmJhY2tlbmRzLk1vZGVsQmFja2VuZCJ9", "expire_date": "2019-09-10T21:52:25.930Z"}}, {"model": "sessions.session", "pk": "2q5jl2nfm7pcq8qxjcl83tp28iad4qwg", "fields": {"session_data": "NzVjMjMxZDc3NGJhMTA3ZGQwNTliODJkY2Y1MzdlMGQyY2NlOGE2Yjp7Il9hdXRoX3VzZXJfaWQiOiIyNCIsIl9hdXRoX3VzZXJfaGFzaCI6Ijc1ODk0ZWIyZmI2ZmI1MTUxOTM4Y2ZiZGNjOWQzMThhZDc5NjhjZGYiLCJfYXV0aF91c2VyX2JhY2tlbmQiOiJkamFuZ28uY29udHJpYi5hdXRoLmJhY2tlbmRzLk1vZGVsQmFja2VuZCJ9", "expire_date": "2019-06-11T16:18:42.837Z"}}, {"model": "sessions.session", "pk": "2tow2vtnmmnemi0228at5ku5g0l41555", "fields": {"session_data": "YjMwZjEzNTg3YzBjYjNmNjcxZjRhZmVkNWNhOTBhZjVjMjExYTFkZjp7Il9hdXRoX3VzZXJfaWQiOiIxIiwiX2F1dGhfdXNlcl9oYXNoIjoiN2U2OWNlM2ZjNWUyNjQ2OTA2NzhjNDEwYWQxOTExODYxNzAxZDk1OCIsIl9hdXRoX3VzZXJfYmFja2VuZCI6ImRqYW5nby5jb250cmliLmF1dGguYmFja2VuZHMuTW9kZWxCYWNrZW5kIn0=", "expire_date": "2019-07-29T07:26:12.387Z"}}, {"model": "sessions.session", "pk": "3odjvrbnz6bt2n70x3i1sntwunjnn2oj", "fields": {"session_data": "OTBlY2YwY2JjYTYyMjVhMWIwNjA4NTA2NzQzYzc5M2Q4MmZlMjQyMzp7Il9hdXRoX3VzZXJfYmFja2VuZCI6ImRqYW5nby5jb250cmliLmF1dGguYmFja2VuZHMuTW9kZWxCYWNrZW5kIiwiX2F1dGhfdXNlcl9oYXNoIjoiN2U2OWNlM2ZjNWUyNjQ2OTA2NzhjNDEwYWQxOTExODYxNzAxZDk1OCIsIl9hdXRoX3VzZXJfaWQiOiIxIn0=", "expire_date": "2017-10-26T20:23:48.513Z"}}, {"model": "sessions.session", "pk": "3vd2sgt4uknumikjhvg0d1p0xxraarfw", "fields": {"session_data": "YjMwZjEzNTg3YzBjYjNmNjcxZjRhZmVkNWNhOTBhZjVjMjExYTFkZjp7Il9hdXRoX3VzZXJfaWQiOiIxIiwiX2F1dGhfdXNlcl9oYXNoIjoiN2U2OWNlM2ZjNWUyNjQ2OTA2NzhjNDEwYWQxOTExODYxNzAxZDk1OCIsIl9hdXRoX3VzZXJfYmFja2VuZCI6ImRqYW5nby5jb250cmliLmF1dGguYmFja2VuZHMuTW9kZWxCYWNrZW5kIn0=", "expire_date": "2018-06-21T11:05:17.631Z"}}, {"model": "sessions.session", "pk": "3xtp988eqogw40v2c5yd54xjkfdb6fcd", "fields": {"session_data": "NzkzOGEwNjEzZDNlNWVjMWM1NThmNzBkZDc5MzA5OTM2ZDUxMWY5ODp7Il9hdXRoX3VzZXJfaWQiOiI0NiIsIl9hdXRoX3VzZXJfaGFzaCI6IjgzMjk1NjBiN2Y3Y2JhMmYyYzRlM2MwNmUxNGQxNGQwYjUyZjk3YjkiLCJfYXV0aF91c2VyX2JhY2tlbmQiOiJkamFuZ28uY29udHJpYi5hdXRoLmJhY2tlbmRzLk1vZGVsQmFja2VuZCJ9", "expire_date": "2019-09-05T20:24:24.069Z"}}, {"model": "sessions.session", "pk": "4ftpa0octu8nymv87u2v73mi7d205dkd", "fields": {"session_data": "NzVjMjVmY2Y3N2I5ZWFlZjNjYmVjYjJiZjg3YmNjNGQxNGYzYzk5MDp7Il9hdXRoX3VzZXJfaGFzaCI6IjdlNjljZTNmYzVlMjY0NjkwNjc4YzQxMGFkMTkxMTg2MTcwMWQ5NTgiLCJfYXV0aF91c2VyX2lkIjoiMSIsIl9hdXRoX3VzZXJfYmFja2VuZCI6ImRqYW5nby5jb250cmliLmF1dGguYmFja2VuZHMuTW9kZWxCYWNrZW5kIn0=", "expire_date": "2017-09-07T19:19:41.857Z"}}, {"model": "sessions.session", "pk": "4yh45lgeqt1xyh7rq7rb6ycfu9qi9aby", "fields": {"session_data": "MTI0YmY4MzJiOTYwNGY2MTlhMjBkZjQ5ZTA2ZGU0MjM4N2RlYjNjOTp7Il9hdXRoX3VzZXJfaWQiOiIxIiwiX2F1dGhfdXNlcl9iYWNrZW5kIjoiZGphbmdvLmNvbnRyaWIuYXV0aC5iYWNrZW5kcy5Nb2RlbEJhY2tlbmQiLCJfYXV0aF91c2VyX2hhc2giOiI3ZTY5Y2UzZmM1ZTI2NDY5MDY3OGM0MTBhZDE5MTE4NjE3MDFkOTU4In0=", "expire_date": "2017-06-11T07:26:50.535Z"}}, {"model": "sessions.session", "pk": "53akvx79959kx0c184musrgc2wecoa9c", "fields": {"session_data": "YjMwZjEzNTg3YzBjYjNmNjcxZjRhZmVkNWNhOTBhZjVjMjExYTFkZjp7Il9hdXRoX3VzZXJfaWQiOiIxIiwiX2F1dGhfdXNlcl9oYXNoIjoiN2U2OWNlM2ZjNWUyNjQ2OTA2NzhjNDEwYWQxOTExODYxNzAxZDk1OCIsIl9hdXRoX3VzZXJfYmFja2VuZCI6ImRqYW5nby5jb250cmliLmF1dGguYmFja2VuZHMuTW9kZWxCYWNrZW5kIn0=", "expire_date": "2017-10-12T19:45:55.060Z"}}, {"model": "sessions.session", "pk": "5ad74yee0vuinxs53zt49qykav31zp7b", "fields": {"session_data": "MTI0YmY4MzJiOTYwNGY2MTlhMjBkZjQ5ZTA2ZGU0MjM4N2RlYjNjOTp7Il9hdXRoX3VzZXJfaWQiOiIxIiwiX2F1dGhfdXNlcl9iYWNrZW5kIjoiZGphbmdvLmNvbnRyaWIuYXV0aC5iYWNrZW5kcy5Nb2RlbEJhY2tlbmQiLCJfYXV0aF91c2VyX2hhc2giOiI3ZTY5Y2UzZmM1ZTI2NDY5MDY3OGM0MTBhZDE5MTE4NjE3MDFkOTU4In0=", "expire_date": "2017-07-24T19:44:16.508Z"}}, {"model": "sessions.session", "pk": "5buw4kjb6xkaxlf8ojt8uth5n9kopbhh", "fields": {"session_data": "MTI0YmY4MzJiOTYwNGY2MTlhMjBkZjQ5ZTA2ZGU0MjM4N2RlYjNjOTp7Il9hdXRoX3VzZXJfaWQiOiIxIiwiX2F1dGhfdXNlcl9iYWNrZW5kIjoiZGphbmdvLmNvbnRyaWIuYXV0aC5iYWNrZW5kcy5Nb2RlbEJhY2tlbmQiLCJfYXV0aF91c2VyX2hhc2giOiI3ZTY5Y2UzZmM1ZTI2NDY5MDY3OGM0MTBhZDE5MTE4NjE3MDFkOTU4In0=", "expire_date": "2017-08-10T06:51:21.185Z"}}, {"model": "sessions.session", "pk": "5g5x5nv7l7frd3l03q8rjrh9hxs9lqi2", "fields": {"session_data": "MTI0YmY4MzJiOTYwNGY2MTlhMjBkZjQ5ZTA2ZGU0MjM4N2RlYjNjOTp7Il9hdXRoX3VzZXJfaWQiOiIxIiwiX2F1dGhfdXNlcl9iYWNrZW5kIjoiZGphbmdvLmNvbnRyaWIuYXV0aC5iYWNrZW5kcy5Nb2RlbEJhY2tlbmQiLCJfYXV0aF91c2VyX2hhc2giOiI3ZTY5Y2UzZmM1ZTI2NDY5MDY3OGM0MTBhZDE5MTE4NjE3MDFkOTU4In0=", "expire_date": "2017-07-31T14:20:21.022Z"}}, {"model": "sessions.session", "pk": "60i270a0k0g0nesn7budb76nzp2vffk8", "fields": {"session_data": "NDQ4ZWNhNTZhYmRjNWM4NDJkOTIwYmRmNjY2OGI1OWQ1ZmFlYzFjZDp7Il9hdXRoX3VzZXJfaWQiOiIzMCIsIl9hdXRoX3VzZXJfaGFzaCI6IjMwZDVlMjUxOTFiMjhiMmFiMjZiMjJhNWMwNDQ5ODcwYTRhM2Y2NWIiLCJfYXV0aF91c2VyX2JhY2tlbmQiOiJkamFuZ28uY29udHJpYi5hdXRoLmJhY2tlbmRzLk1vZGVsQmFja2VuZCJ9", "expire_date": "2019-06-25T20:04:58.169Z"}}, {"model": "sessions.session", "pk": "63h02lpl4bvll2p5i18m6pmimpbfjy58", "fields": {"session_data": "YjBjODk5YzIzMjRhZmQxNmMxZTc1ODYxMzAzODI4MmY5MWM3MDEwYTp7Il9hdXRoX3VzZXJfYmFja2VuZCI6ImRqYW5nby5jb250cmliLmF1dGguYmFja2VuZHMuTW9kZWxCYWNrZW5kIiwiX2F1dGhfdXNlcl9pZCI6IjEiLCJfYXV0aF91c2VyX2hhc2giOiI3ZTY5Y2UzZmM1ZTI2NDY5MDY3OGM0MTBhZDE5MTE4NjE3MDFkOTU4In0=", "expire_date": "2018-08-04T12:17:16.562Z"}}, {"model": "sessions.session", "pk": "6693xpn7fd6xanmey4jwoanb2jdaa2z8", "fields": {"session_data": "OTBlY2YwY2JjYTYyMjVhMWIwNjA4NTA2NzQzYzc5M2Q4MmZlMjQyMzp7Il9hdXRoX3VzZXJfYmFja2VuZCI6ImRqYW5nby5jb250cmliLmF1dGguYmFja2VuZHMuTW9kZWxCYWNrZW5kIiwiX2F1dGhfdXNlcl9oYXNoIjoiN2U2OWNlM2ZjNWUyNjQ2OTA2NzhjNDEwYWQxOTExODYxNzAxZDk1OCIsIl9hdXRoX3VzZXJfaWQiOiIxIn0=", "expire_date": "2019-04-18T10:24:24.995Z"}}, {"model": "sessions.session", "pk": "6f0fm4ertyol1hl8cdpiusji1t0hwan9", "fields": {"session_data": "YjMwZjEzNTg3YzBjYjNmNjcxZjRhZmVkNWNhOTBhZjVjMjExYTFkZjp7Il9hdXRoX3VzZXJfaWQiOiIxIiwiX2F1dGhfdXNlcl9oYXNoIjoiN2U2OWNlM2ZjNWUyNjQ2OTA2NzhjNDEwYWQxOTExODYxNzAxZDk1OCIsIl9hdXRoX3VzZXJfYmFja2VuZCI6ImRqYW5nby5jb250cmliLmF1dGguYmFja2VuZHMuTW9kZWxCYWNrZW5kIn0=", "expire_date": "2019-11-06T12:13:33.314Z"}}, {"model": "sessions.session", "pk": "6u81556cixfd80v7wo6ukmc6ap241mbm", "fields": {"session_data": "NzVjMjVmY2Y3N2I5ZWFlZjNjYmVjYjJiZjg3YmNjNGQxNGYzYzk5MDp7Il9hdXRoX3VzZXJfaGFzaCI6IjdlNjljZTNmYzVlMjY0NjkwNjc4YzQxMGFkMTkxMTg2MTcwMWQ5NTgiLCJfYXV0aF91c2VyX2lkIjoiMSIsIl9hdXRoX3VzZXJfYmFja2VuZCI6ImRqYW5nby5jb250cmliLmF1dGguYmFja2VuZHMuTW9kZWxCYWNrZW5kIn0=", "expire_date": "2017-09-28T17:24:03.104Z"}}, {"model": "sessions.session", "pk": "6vcpv77lznrw3aiz5ifcvp9tz36bbhdr", "fields": {"session_data": "NzVjMjVmY2Y3N2I5ZWFlZjNjYmVjYjJiZjg3YmNjNGQxNGYzYzk5MDp7Il9hdXRoX3VzZXJfaGFzaCI6IjdlNjljZTNmYzVlMjY0NjkwNjc4YzQxMGFkMTkxMTg2MTcwMWQ5NTgiLCJfYXV0aF91c2VyX2lkIjoiMSIsIl9hdXRoX3VzZXJfYmFja2VuZCI6ImRqYW5nby5jb250cmliLmF1dGguYmFja2VuZHMuTW9kZWxCYWNrZW5kIn0=", "expire_date": "2017-09-12T17:35:15.649Z"}}, {"model": "sessions.session", "pk": "736xwyf4g9wvn2m6hd7t8zgp9hy26di6", "fields": {"session_data": "YjMwZjEzNTg3YzBjYjNmNjcxZjRhZmVkNWNhOTBhZjVjMjExYTFkZjp7Il9hdXRoX3VzZXJfaWQiOiIxIiwiX2F1dGhfdXNlcl9oYXNoIjoiN2U2OWNlM2ZjNWUyNjQ2OTA2NzhjNDEwYWQxOTExODYxNzAxZDk1OCIsIl9hdXRoX3VzZXJfYmFja2VuZCI6ImRqYW5nby5jb250cmliLmF1dGguYmFja2VuZHMuTW9kZWxCYWNrZW5kIn0=", "expire_date": "2018-08-04T18:40:30.235Z"}}, {"model": "sessions.session", "pk": "77tpvlvc0w5ynytpu5f00gkze03nzn0j", "fields": {"session_data": "MTI0YmY4MzJiOTYwNGY2MTlhMjBkZjQ5ZTA2ZGU0MjM4N2RlYjNjOTp7Il9hdXRoX3VzZXJfaWQiOiIxIiwiX2F1dGhfdXNlcl9iYWNrZW5kIjoiZGphbmdvLmNvbnRyaWIuYXV0aC5iYWNrZW5kcy5Nb2RlbEJhY2tlbmQiLCJfYXV0aF91c2VyX2hhc2giOiI3ZTY5Y2UzZmM1ZTI2NDY5MDY3OGM0MTBhZDE5MTE4NjE3MDFkOTU4In0=", "expire_date": "2017-11-10T11:49:26.980Z"}}, {"model": "sessions.session", "pk": "7z56v2p95gxuj4d39770snx5y9xi4vjf", "fields": {"session_data": "YzBiMDk0NTg2MGFhZGYyN2VmYThjMzUyNzYzYjlkMjk0ZGE1ODVhMjp7Il9hdXRoX3VzZXJfaWQiOiI3MCIsIl9hdXRoX3VzZXJfaGFzaCI6ImQ2MjVhZmU3OGE3NzBlZTkyMjkwYmE1OWVlZGEzYTM5NTc5MTE5MzgiLCJfYXV0aF91c2VyX2JhY2tlbmQiOiJkamFuZ28uY29udHJpYi5hdXRoLmJhY2tlbmRzLk1vZGVsQmFja2VuZCJ9", "expire_date": "2019-09-24T03:11:03.348Z"}}, {"model": "sessions.session", "pk": "8d1r20g69vas3dkhhd1f677bq2t81jl3", "fields": {"session_data": "ODFmZjEzZGVkMzJlMTQzZGQ0NjYwN2E0MTYxMTRjYTg2ZjNhZThiMjp7Il9hdXRoX3VzZXJfaWQiOiI0MyIsIl9hdXRoX3VzZXJfaGFzaCI6IjU1YzJjMmUwMmQxN2VlOGM5MjFkYTJhYjViOTg4NDY4ODI5MGFhMmIiLCJfYXV0aF91c2VyX2JhY2tlbmQiOiJkamFuZ28uY29udHJpYi5hdXRoLmJhY2tlbmRzLk1vZGVsQmFja2VuZCJ9", "expire_date": "2019-08-29T16:56:59.623Z"}}, {"model": "sessions.session", "pk": "8sd24bqwsxx0rpioo7nat5w2ghvw869w", "fields": {"session_data": "MTI0YmY4MzJiOTYwNGY2MTlhMjBkZjQ5ZTA2ZGU0MjM4N2RlYjNjOTp7Il9hdXRoX3VzZXJfaWQiOiIxIiwiX2F1dGhfdXNlcl9iYWNrZW5kIjoiZGphbmdvLmNvbnRyaWIuYXV0aC5iYWNrZW5kcy5Nb2RlbEJhY2tlbmQiLCJfYXV0aF91c2VyX2hhc2giOiI3ZTY5Y2UzZmM1ZTI2NDY5MDY3OGM0MTBhZDE5MTE4NjE3MDFkOTU4In0=", "expire_date": "2017-06-24T17:20:46.138Z"}}, {"model": "sessions.session", "pk": "8u76vx0e67c46s63jxs55tpb6le0bdn5", "fields": {"session_data": "N2ZlN2U0OWI0OTFlNjQ1ZDRiMDZjMDIxZjU1ZDg4N2U2NGMwMTFiOTp7Il9hdXRoX3VzZXJfaWQiOiIyMyIsIl9hdXRoX3VzZXJfaGFzaCI6IjBlODE0MWVmNzI2MjU3ZjE5MDdmZGIxMDRhNTdjYWVkOGU4NjMyMGIiLCJfYXV0aF91c2VyX2JhY2tlbmQiOiJkamFuZ28uY29udHJpYi5hdXRoLmJhY2tlbmRzLk1vZGVsQmFja2VuZCJ9", "expire_date": "2019-06-11T15:18:49.493Z"}}, {"model": "sessions.session", "pk": "8xu2rbmpp39dorqtnsqdqc008j67ietg", "fields": {"session_data": "MDUwZGFlMWFlODcwODM4N2E4OWUyNDJkNmYyN2FkZWU0MTE0OWZlODp7Il9hdXRoX3VzZXJfaWQiOiI0MSIsIl9hdXRoX3VzZXJfaGFzaCI6ImJiMmQwM2NkNmRiNmRkNmQ2OGYzMzJmY2Q5ZTBiNGRjZmUzOGI4OWQiLCJfYXV0aF91c2VyX2JhY2tlbmQiOiJkamFuZ28uY29udHJpYi5hdXRoLmJhY2tlbmRzLk1vZGVsQmFja2VuZCJ9", "expire_date": "2019-08-27T13:39:18.978Z"}}, {"model": "sessions.session", "pk": "9xvfr7a5g85u353qc3am41kaqwvu5pie", "fields": {"session_data": "YjBjODk5YzIzMjRhZmQxNmMxZTc1ODYxMzAzODI4MmY5MWM3MDEwYTp7Il9hdXRoX3VzZXJfYmFja2VuZCI6ImRqYW5nby5jb250cmliLmF1dGguYmFja2VuZHMuTW9kZWxCYWNrZW5kIiwiX2F1dGhfdXNlcl9pZCI6IjEiLCJfYXV0aF91c2VyX2hhc2giOiI3ZTY5Y2UzZmM1ZTI2NDY5MDY3OGM0MTBhZDE5MTE4NjE3MDFkOTU4In0=", "expire_date": "2018-01-10T11:17:30.527Z"}}, {"model": "sessions.session", "pk": "9zt66joqhbdt4vl2gterntd3d8aqhzx7", "fields": {"session_data": "YjMwZjEzNTg3YzBjYjNmNjcxZjRhZmVkNWNhOTBhZjVjMjExYTFkZjp7Il9hdXRoX3VzZXJfaWQiOiIxIiwiX2F1dGhfdXNlcl9oYXNoIjoiN2U2OWNlM2ZjNWUyNjQ2OTA2NzhjNDEwYWQxOTExODYxNzAxZDk1OCIsIl9hdXRoX3VzZXJfYmFja2VuZCI6ImRqYW5nby5jb250cmliLmF1dGguYmFja2VuZHMuTW9kZWxCYWNrZW5kIn0=", "expire_date": "2017-10-14T21:43:27.206Z"}}, {"model": "sessions.session", "pk": "a8jrbkob5e2re8pifzkaq24bjf7m7h7r", "fields": {"session_data": "MTI0YmY4MzJiOTYwNGY2MTlhMjBkZjQ5ZTA2ZGU0MjM4N2RlYjNjOTp7Il9hdXRoX3VzZXJfaWQiOiIxIiwiX2F1dGhfdXNlcl9iYWNrZW5kIjoiZGphbmdvLmNvbnRyaWIuYXV0aC5iYWNrZW5kcy5Nb2RlbEJhY2tlbmQiLCJfYXV0aF91c2VyX2hhc2giOiI3ZTY5Y2UzZmM1ZTI2NDY5MDY3OGM0MTBhZDE5MTE4NjE3MDFkOTU4In0=", "expire_date": "2017-10-18T13:12:31.516Z"}}, {"model": "sessions.session", "pk": "abfauz9dz9mmozzd571sg83gsc0rva3d", "fields": {"session_data": "ZDJlZGJiMDZjYjMxZjFhYzFkZGIxNzlhMDU3MmQxMzIwZmMwM2U5Njp7Il9hdXRoX3VzZXJfaWQiOiI3IiwiX2F1dGhfdXNlcl9iYWNrZW5kIjoiZGphbmdvLmNvbnRyaWIuYXV0aC5iYWNrZW5kcy5Nb2RlbEJhY2tlbmQiLCJfYXV0aF91c2VyX2hhc2giOiI0MTc1Zjg2YzY5MTZiNzlhYWNmNTg3ZTdhMTYzNWZjYTdiNjAwZTNhIn0=", "expire_date": "2017-10-06T18:22:33.591Z"}}, {"model": "sessions.session", "pk": "allt2qe7p4lclyior34inaymn0umi7lf", "fields": {"session_data": "MTI0YmY4MzJiOTYwNGY2MTlhMjBkZjQ5ZTA2ZGU0MjM4N2RlYjNjOTp7Il9hdXRoX3VzZXJfaWQiOiIxIiwiX2F1dGhfdXNlcl9iYWNrZW5kIjoiZGphbmdvLmNvbnRyaWIuYXV0aC5iYWNrZW5kcy5Nb2RlbEJhY2tlbmQiLCJfYXV0aF91c2VyX2hhc2giOiI3ZTY5Y2UzZmM1ZTI2NDY5MDY3OGM0MTBhZDE5MTE4NjE3MDFkOTU4In0=", "expire_date": "2017-07-18T18:25:04.759Z"}}, {"model": "sessions.session", "pk": "atg2dsr9peybe9p343a05h2mrclgs9o2", "fields": {"session_data": "YjMwZjEzNTg3YzBjYjNmNjcxZjRhZmVkNWNhOTBhZjVjMjExYTFkZjp7Il9hdXRoX3VzZXJfaWQiOiIxIiwiX2F1dGhfdXNlcl9oYXNoIjoiN2U2OWNlM2ZjNWUyNjQ2OTA2NzhjNDEwYWQxOTExODYxNzAxZDk1OCIsIl9hdXRoX3VzZXJfYmFja2VuZCI6ImRqYW5nby5jb250cmliLmF1dGguYmFja2VuZHMuTW9kZWxCYWNrZW5kIn0=", "expire_date": "2019-01-10T12:49:35.812Z"}}, {"model": "sessions.session", "pk": "awq9ucdxke6j5xqpfjimudy5cix6iff6", "fields": {"session_data": "OTBlY2YwY2JjYTYyMjVhMWIwNjA4NTA2NzQzYzc5M2Q4MmZlMjQyMzp7Il9hdXRoX3VzZXJfYmFja2VuZCI6ImRqYW5nby5jb250cmliLmF1dGguYmFja2VuZHMuTW9kZWxCYWNrZW5kIiwiX2F1dGhfdXNlcl9oYXNoIjoiN2U2OWNlM2ZjNWUyNjQ2OTA2NzhjNDEwYWQxOTExODYxNzAxZDk1OCIsIl9hdXRoX3VzZXJfaWQiOiIxIn0=", "expire_date": "2017-11-28T08:29:39.719Z"}}, {"model": "sessions.session", "pk": "b8qvqqsdmmg29esj0wu7zkkszlkkkvpy", "fields": {"session_data": "MzRjMzljMmNlMWU2ZTcwZTRjMmQ5OTllN2ZmZTMyMmYxNGViOTdlMzp7Il9hdXRoX3VzZXJfaWQiOiIxOCIsIl9hdXRoX3VzZXJfaGFzaCI6IjZmMTE0ODMyZmY4MjM4YWIzYmRjOWJkNTI2Njc0NGYzNzRlZTVjZTUiLCJfYXV0aF91c2VyX2JhY2tlbmQiOiJkamFuZ28uY29udHJpYi5hdXRoLmJhY2tlbmRzLk1vZGVsQmFja2VuZCJ9", "expire_date": "2019-06-02T07:16:13.752Z"}}, {"model": "sessions.session", "pk": "b9b9d6y2t6ayvhuowo5bit1k38izuefo", "fields": {"session_data": "YTUxYjk0YmFjZjZlMDdiODk2ZTdjMjk1Mzk3NDdlM2U1MTJkMzQ4ODp7Il9hdXRoX3VzZXJfaWQiOiIyMCIsIl9hdXRoX3VzZXJfaGFzaCI6ImFhMjhjOGYxYjZkODVjZGY3N2ExYWVlN2M5ZDg4YTBlMzEwOTEwYzQiLCJfYXV0aF91c2VyX2JhY2tlbmQiOiJkamFuZ28uY29udHJpYi5hdXRoLmJhY2tlbmRzLk1vZGVsQmFja2VuZCJ9", "expire_date": "2019-06-08T17:14:31.209Z"}}, {"model": "sessions.session", "pk": "baswdprztoocox01ksyoku57m08uncw1", "fields": {"session_data": "MTI0YmY4MzJiOTYwNGY2MTlhMjBkZjQ5ZTA2ZGU0MjM4N2RlYjNjOTp7Il9hdXRoX3VzZXJfaWQiOiIxIiwiX2F1dGhfdXNlcl9iYWNrZW5kIjoiZGphbmdvLmNvbnRyaWIuYXV0aC5iYWNrZW5kcy5Nb2RlbEJhY2tlbmQiLCJfYXV0aF91c2VyX2hhc2giOiI3ZTY5Y2UzZmM1ZTI2NDY5MDY3OGM0MTBhZDE5MTE4NjE3MDFkOTU4In0=", "expire_date": "2017-06-09T18:55:19.161Z"}}, {"model": "sessions.session", "pk": "bbizb2vdawbt4sit2jbjzm1b0h38reih", "fields": {"session_data": "YzNlMjZlZDg2ZWE3OGIyM2U2NTFmNWU1NjJmNDc1ZTQwOTIzOTRmZDp7Il9hdXRoX3VzZXJfaWQiOiI1MCIsIl9hdXRoX3VzZXJfaGFzaCI6IjQ2M2JiN2ZjODg1NjFmMWYxYzZkNmFlODM2YjI2MDczMmE5OGY3N2YiLCJfYXV0aF91c2VyX2JhY2tlbmQiOiJkamFuZ28uY29udHJpYi5hdXRoLmJhY2tlbmRzLk1vZGVsQmFja2VuZCJ9", "expire_date": "2019-09-08T00:17:35.927Z"}}, {"model": "sessions.session", "pk": "bbm9rkl7h0u7opo6tsfl0xpfjofpe4pb", "fields": {"session_data": "YWJjZmU0MzE5NTZiMzI2ZDYyMzJiYjQyYmVmNjZmMmQ2MzBiZDk1MDp7Il9hdXRoX3VzZXJfaWQiOiIzMyIsIl9hdXRoX3VzZXJfaGFzaCI6Ijg5NWI2MTAxOTcwNzNjNzVmNzZmY2U3ZDQzYjRjYTk3YmFkNDEwMDciLCJfYXV0aF91c2VyX2JhY2tlbmQiOiJkamFuZ28uY29udHJpYi5hdXRoLmJhY2tlbmRzLk1vZGVsQmFja2VuZCJ9", "expire_date": "2019-07-17T16:31:24.724Z"}}, {"model": "sessions.session", "pk": "bfqhdnr6s47b8jiurw2y7bkkwoj0uifa", "fields": {"session_data": "MTI0YmY4MzJiOTYwNGY2MTlhMjBkZjQ5ZTA2ZGU0MjM4N2RlYjNjOTp7Il9hdXRoX3VzZXJfaWQiOiIxIiwiX2F1dGhfdXNlcl9iYWNrZW5kIjoiZGphbmdvLmNvbnRyaWIuYXV0aC5iYWNrZW5kcy5Nb2RlbEJhY2tlbmQiLCJfYXV0aF91c2VyX2hhc2giOiI3ZTY5Y2UzZmM1ZTI2NDY5MDY3OGM0MTBhZDE5MTE4NjE3MDFkOTU4In0=", "expire_date": "2017-07-31T08:38:55.552Z"}}, {"model": "sessions.session", "pk": "bged03aymoy7t5hb01dkxieeexjyu0zo", "fields": {"session_data": "MTc2ZTAzMTVjZTdmODQyMzllMGJmODliM2QwNDhlNTE1YjBkMzljMjp7Il9hdXRoX3VzZXJfaWQiOiIyNSIsIl9hdXRoX3VzZXJfaGFzaCI6Ijg4YWYxNjE3N2YxNWVjZDdmZjc1MGMxNmNjNGZiOGI5OWVhODNmNWIiLCJfYXV0aF91c2VyX2JhY2tlbmQiOiJkamFuZ28uY29udHJpYi5hdXRoLmJhY2tlbmRzLk1vZGVsQmFja2VuZCJ9", "expire_date": "2019-06-12T00:56:16.416Z"}}, {"model": "sessions.session", "pk": "btlqnw45c2j05bneibmupbxbxfgqg0to", "fields": {"session_data": "MjRkNzc5MWRjMjUxMmU0NmJlOWI0MTBlNGNlOGE5ZGQ5ODQwMTU0MTp7Il9hdXRoX3VzZXJfaWQiOiIzNyIsIl9hdXRoX3VzZXJfaGFzaCI6ImUwMWYzMGJhNzEzNTlkOTcyZTYzMmViNzFmNjJlMDNkNzhlNjdkMDUiLCJfYXV0aF91c2VyX2JhY2tlbmQiOiJkamFuZ28uY29udHJpYi5hdXRoLmJhY2tlbmRzLk1vZGVsQmFja2VuZCJ9", "expire_date": "2019-07-26T15:23:20.907Z"}}, {"model": "sessions.session", "pk": "bxi8zgg3ljztls1se82pnjf46fjwxmeo", "fields": {"session_data": "MTI0YmY4MzJiOTYwNGY2MTlhMjBkZjQ5ZTA2ZGU0MjM4N2RlYjNjOTp7Il9hdXRoX3VzZXJfaWQiOiIxIiwiX2F1dGhfdXNlcl9iYWNrZW5kIjoiZGphbmdvLmNvbnRyaWIuYXV0aC5iYWNrZW5kcy5Nb2RlbEJhY2tlbmQiLCJfYXV0aF91c2VyX2hhc2giOiI3ZTY5Y2UzZmM1ZTI2NDY5MDY3OGM0MTBhZDE5MTE4NjE3MDFkOTU4In0=", "expire_date": "2017-08-15T21:21:23.225Z"}}, {"model": "sessions.session", "pk": "bywdrg11lqgzphir1uqf7gp1f4hs5z3g", "fields": {"session_data": "YjMwZjEzNTg3YzBjYjNmNjcxZjRhZmVkNWNhOTBhZjVjMjExYTFkZjp7Il9hdXRoX3VzZXJfaWQiOiIxIiwiX2F1dGhfdXNlcl9oYXNoIjoiN2U2OWNlM2ZjNWUyNjQ2OTA2NzhjNDEwYWQxOTExODYxNzAxZDk1OCIsIl9hdXRoX3VzZXJfYmFja2VuZCI6ImRqYW5nby5jb250cmliLmF1dGguYmFja2VuZHMuTW9kZWxCYWNrZW5kIn0=", "expire_date": "2019-01-28T10:16:42.348Z"}}, {"model": "sessions.session", "pk": "c1kz8j1mbqw905ikfeumdcl7ujf1fhym", "fields": {"session_data": "YjFjODk2MDY4NDk1NzE0OTExMDYwM2E5YTkzYTFkMWFjZjU4MjNiYzp7Il9hdXRoX3VzZXJfYmFja2VuZCI6ImRqYW5nby5jb250cmliLmF1dGguYmFja2VuZHMuTW9kZWxCYWNrZW5kIiwiX2F1dGhfdXNlcl9pZCI6IjgiLCJfYXV0aF91c2VyX2hhc2giOiI2MGQwMjYzMmVkYWNkMjliYjUxYjg1ZDIxZGQ3NzI2YjZkZDQ4ODBhIn0=", "expire_date": "2017-08-15T20:37:31.691Z"}}, {"model": "sessions.session", "pk": "c7nvedojkijpcdrmgw82fpdsghj6567a", "fields": {"session_data": "YTUxZDAwZDNmYTc2Y2M1ZjAwNGMxZmNjNTkxMDk4MTVjNGNjZDcwOTp7Il9hdXRoX3VzZXJfaGFzaCI6IjFhMDllYjgxOWZkODNlZGE2ZGM1YmU2MjRlOTc2NjEyNjYxMzliMzIiLCJfYXV0aF91c2VyX2lkIjoiMTAiLCJfYXV0aF91c2VyX2JhY2tlbmQiOiJkamFuZ28uY29udHJpYi5hdXRoLmJhY2tlbmRzLk1vZGVsQmFja2VuZCJ9", "expire_date": "2017-09-17T19:24:06.307Z"}}, {"model": "sessions.session", "pk": "d4xcp4f2v9os26yvsoh3ek52fezds1h8", "fields": {"session_data": "YjBlMDgxNTc5Njg4YmJmMzFlM2JjMDY1ZDk2OTUyYjUzNjFiZGU1NTp7Il9hdXRoX3VzZXJfaGFzaCI6IjdlNjljZTNmYzVlMjY0NjkwNjc4YzQxMGFkMTkxMTg2MTcwMWQ5NTgiLCJfYXV0aF91c2VyX2JhY2tlbmQiOiJkamFuZ28uY29udHJpYi5hdXRoLmJhY2tlbmRzLk1vZGVsQmFja2VuZCIsIl9hdXRoX3VzZXJfaWQiOiIxIn0=", "expire_date": "2019-03-28T14:17:58.099Z"}}, {"model": "sessions.session", "pk": "dajeq4s0ld0e5fck266b6t2zxkavin0h", "fields": {"session_data": "YjZiMjE5NzM4NDg4NDk2ZTU5ZmJjNzhhYmJjYTU5YjE5YjY0OTMzMzp7Il9hdXRoX3VzZXJfaWQiOiI1MyIsIl9hdXRoX3VzZXJfaGFzaCI6ImJiYTFkMzY3Y2IxODdiYzJiZjFmZTgxYzRhMzFhMWZiYzA4NTRiNDgiLCJfYXV0aF91c2VyX2JhY2tlbmQiOiJkamFuZ28uY29udHJpYi5hdXRoLmJhY2tlbmRzLk1vZGVsQmFja2VuZCJ9", "expire_date": "2019-09-11T06:08:00.015Z"}}, {"model": "sessions.session", "pk": "dp2kf45iaua2jrpo6x5wyryjohzoba0s", "fields": {"session_data": "OTBlY2YwY2JjYTYyMjVhMWIwNjA4NTA2NzQzYzc5M2Q4MmZlMjQyMzp7Il9hdXRoX3VzZXJfYmFja2VuZCI6ImRqYW5nby5jb250cmliLmF1dGguYmFja2VuZHMuTW9kZWxCYWNrZW5kIiwiX2F1dGhfdXNlcl9oYXNoIjoiN2U2OWNlM2ZjNWUyNjQ2OTA2NzhjNDEwYWQxOTExODYxNzAxZDk1OCIsIl9hdXRoX3VzZXJfaWQiOiIxIn0=", "expire_date": "2019-05-03T06:22:17.200Z"}}, {"model": "sessions.session", "pk": "eqxlerfyrplw0mu909fxk6t8umvouswp", "fields": {"session_data": "NGNjNjQ4YjQyYjgzOGI0MDYzN2U1MmYzMjc5OWNkOTE0MDkyZjgwNjp7Il9hdXRoX3VzZXJfaWQiOiIxOSIsIl9hdXRoX3VzZXJfaGFzaCI6ImNiODRmNTI4ZjNhZmZiM2M1ZDgwMGJjNzY1NTc0ZTk0YzkwYmZjMjYiLCJfYXV0aF91c2VyX2JhY2tlbmQiOiJkamFuZ28uY29udHJpYi5hdXRoLmJhY2tlbmRzLk1vZGVsQmFja2VuZCJ9", "expire_date": "2019-06-06T14:45:29.545Z"}}, {"model": "sessions.session", "pk": "f8btgr5f3bdwsmaswvgbu7jnlcf04jcs", "fields": {"session_data": "NTVlN2U0YTI5NDQ4OTE3N2RiMzE1ZDEzYWJkZDI5MDRmMGYzMTY3MTp7Il9hdXRoX3VzZXJfaWQiOiI0NSIsIl9hdXRoX3VzZXJfaGFzaCI6ImYwM2RjYzM2ZTlkNzBmZDRiNDkwM2U2MWQ3NmU3YmU2M2JhOTQ3YTUiLCJfYXV0aF91c2VyX2JhY2tlbmQiOiJkamFuZ28uY29udHJpYi5hdXRoLmJhY2tlbmRzLk1vZGVsQmFja2VuZCJ9", "expire_date": "2019-09-03T21:08:45.413Z"}}, {"model": "sessions.session", "pk": "flq3e1ehbu6m23l3pxj8jli7af51vfgv", "fields": {"session_data": "NzY0ZDkxMDAzYjUyNGU2ZDc1YzA3NzExMjI2MjA2M2U5Y2Q4YjMxNTp7Il9hdXRoX3VzZXJfaWQiOiI2MSIsIl9hdXRoX3VzZXJfaGFzaCI6IjAxZjk4YWRmZWNjZjQyZGE4M2Y0Mzc1MmU5MjMwOTYxOTk4MTc1OWEiLCJfYXV0aF91c2VyX2JhY2tlbmQiOiJkamFuZ28uY29udHJpYi5hdXRoLmJhY2tlbmRzLk1vZGVsQmFja2VuZCJ9", "expire_date": "2019-09-19T14:38:10.554Z"}}, {"model": "sessions.session", "pk": "fm3jumrtsoxwavlit5yckngnqs8rc7zv", "fields": {"session_data": "ODllNmFhNTFmYjJhNzg3MmY3MjlhZTZlNTgyODY0YjlkZWYyZjlkNzp7Il9hdXRoX3VzZXJfaWQiOiI0OSIsIl9hdXRoX3VzZXJfaGFzaCI6Ijc1YmRkZjViMjYzMWE4Y2NhODg1N2JjZTUyMzA5ZjQ0ZjdkNjNjM2QiLCJfYXV0aF91c2VyX2JhY2tlbmQiOiJkamFuZ28uY29udHJpYi5hdXRoLmJhY2tlbmRzLk1vZGVsQmFja2VuZCJ9", "expire_date": "2019-09-06T16:24:20.700Z"}}, {"model": "sessions.session", "pk": "fm4bdgco669a0ray54vcy6uwmupfe5q4", "fields": {"session_data": "OTgzYzNiMzQxMGM3MWM5NjI4NDFlZTI0ZmM1MDI2N2Y4YzE2OGViMTp7Il9hdXRoX3VzZXJfaWQiOiI2NSIsIl9hdXRoX3VzZXJfaGFzaCI6IjkwOTg2MjIzMWVjMjI3N2Y1MzI3ZDg3MjJkZGNhZDRhOTE4YTBhYjAiLCJfYXV0aF91c2VyX2JhY2tlbmQiOiJkamFuZ28uY29udHJpYi5hdXRoLmJhY2tlbmRzLk1vZGVsQmFja2VuZCJ9", "expire_date": "2019-09-20T19:17:52.983Z"}}, {"model": "sessions.session", "pk": "fvsav9732wfhi487zzmi4vj8y4u6wzmk", "fields": {"session_data": "YzIwNjhiOWJiMzU5MTY2Y2MzZTQ3ZWY3NzkyNTg5NzVhMTk1ZDY5YTp7Il9hdXRoX3VzZXJfaWQiOiIzOCIsIl9hdXRoX3VzZXJfaGFzaCI6Ijc3YjJjYmRhNGY5YjMzM2RhYTM0NGU5YjkwN2M5MDRjOGU0YzZlNGEiLCJfYXV0aF91c2VyX2JhY2tlbmQiOiJkamFuZ28uY29udHJpYi5hdXRoLmJhY2tlbmRzLk1vZGVsQmFja2VuZCJ9", "expire_date": "2019-07-31T03:48:41.290Z"}}, {"model": "sessions.session", "pk": "g0drfhkkpj0grroumqb67lvadnd3mpwr", "fields": {"session_data": "MjFiOTkzOTNlZDEwNWMyYTAxODY0NGQ3OGY3MWM2N2NkYzRkZDM3NTp7Il9hdXRoX3VzZXJfaWQiOiI0MCIsIl9hdXRoX3VzZXJfaGFzaCI6ImM3ZGNjNDQ3YmJhNzAwZDBmZDU3M2ExMDU1MTkxNDRhYjA1OTgzOWYiLCJfYXV0aF91c2VyX2JhY2tlbmQiOiJkamFuZ28uY29udHJpYi5hdXRoLmJhY2tlbmRzLk1vZGVsQmFja2VuZCJ9", "expire_date": "2019-08-19T20:41:44.849Z"}}, {"model": "sessions.session", "pk": "g37vc0sfze5lueh3fk665heh1i0inxkd", "fields": {"session_data": "ZmRhZmZhMjRkOWE0NGNkMjRlNmQwOWEyNDBkMmU2M2QwYzk1MmIzYzp7Il9hdXRoX3VzZXJfaWQiOiI2OSIsIl9hdXRoX3VzZXJfaGFzaCI6ImIwMGNjZDIwNTk2YjQyMDU4YWEzMzE3Y2E2NzhkOTkxMGY1NjA2NTkiLCJfYXV0aF91c2VyX2JhY2tlbmQiOiJkamFuZ28uY29udHJpYi5hdXRoLmJhY2tlbmRzLk1vZGVsQmFja2VuZCJ9", "expire_date": "2019-09-23T19:30:02.903Z"}}, {"model": "sessions.session", "pk": "g3y3rwbeuup1fvlihhbkvlcdwo6bpeb9", "fields": {"session_data": "NmEzMzIxNmVhYmIyZDVkYmMxNzVjM2FlZDQ3ZjM0YTI5ZjBjOGMzYTp7Il9hdXRoX3VzZXJfaWQiOiIzOSIsIl9hdXRoX3VzZXJfaGFzaCI6IjY2NzM5NjU1NzNjMDJjZWU1MmI3MWZlZDA1YzQ2MTIwYTBhNzM1NTMiLCJfYXV0aF91c2VyX2JhY2tlbmQiOiJkamFuZ28uY29udHJpYi5hdXRoLmJhY2tlbmRzLk1vZGVsQmFja2VuZCJ9", "expire_date": "2019-08-19T03:05:59.854Z"}}, {"model": "sessions.session", "pk": "g6p4s10zydi8i4nx612cojeryle2gxno", "fields": {"session_data": "OWM3YjIzNGQyNTQyNTg1YzllNGY5ZmY5MWQ0ODNkZDMyNWFkYTA2ZDp7Il9hdXRoX3VzZXJfaWQiOiI2NyIsIl9hdXRoX3VzZXJfaGFzaCI6IjY4MWNkZmY0MGE4ZGNlY2EyZTE4ODI1MzUwMjlmY2FiNWFhNDUwNDgiLCJfYXV0aF91c2VyX2JhY2tlbmQiOiJkamFuZ28uY29udHJpYi5hdXRoLmJhY2tlbmRzLk1vZGVsQmFja2VuZCJ9", "expire_date": "2019-09-21T22:38:39.616Z"}}, {"model": "sessions.session", "pk": "gflumhbjy3l2bwkqqskkdic66ax3qok5", "fields": {"session_data": "ZDI4NmRjMDk0YzNhOTEwNmZjN2MxNGExZWE5MDUzMGIzMjQzZTlkOTp7Il9hdXRoX3VzZXJfaWQiOiIzMSIsIl9hdXRoX3VzZXJfaGFzaCI6IjYwN2JkYWZkNjc5MmJjZjM4ZTEwNmI4NjMwYmNlZTA1NGZhZTdkNzQiLCJfYXV0aF91c2VyX2JhY2tlbmQiOiJkamFuZ28uY29udHJpYi5hdXRoLmJhY2tlbmRzLk1vZGVsQmFja2VuZCJ9", "expire_date": "2019-06-26T08:53:46.188Z"}}, {"model": "sessions.session", "pk": "gjee18e1hydu754kxogmmld8ys7f11mz", "fields": {"session_data": "MmQ0MWMxNzAwYjEzNjU4MTMyMzJjNDU5ZDQ0ZGFiMzg2MzQyMDJlNjp7Il9hdXRoX3VzZXJfaWQiOiI1MiIsIl9hdXRoX3VzZXJfaGFzaCI6IjZiMjExMWJjYzUyMzNiMmM4NWFjM2NmODYxNzQ1MjZjMzFjMmYyYjMiLCJfYXV0aF91c2VyX2JhY2tlbmQiOiJkamFuZ28uY29udHJpYi5hdXRoLmJhY2tlbmRzLk1vZGVsQmFja2VuZCJ9", "expire_date": "2019-09-11T03:24:44.805Z"}}, {"model": "sessions.session", "pk": "gjzhupzgi0gsriohzya4f94nkmp7sz2x", "fields": {"session_data": "MTI0YmY4MzJiOTYwNGY2MTlhMjBkZjQ5ZTA2ZGU0MjM4N2RlYjNjOTp7Il9hdXRoX3VzZXJfaWQiOiIxIiwiX2F1dGhfdXNlcl9iYWNrZW5kIjoiZGphbmdvLmNvbnRyaWIuYXV0aC5iYWNrZW5kcy5Nb2RlbEJhY2tlbmQiLCJfYXV0aF91c2VyX2hhc2giOiI3ZTY5Y2UzZmM1ZTI2NDY5MDY3OGM0MTBhZDE5MTE4NjE3MDFkOTU4In0=", "expire_date": "2017-07-13T06:05:55.765Z"}}, {"model": "sessions.session", "pk": "gpm084p6wqjrwp2yaujbvobzbhfu7gmq", "fields": {"session_data": "YjMwZjEzNTg3YzBjYjNmNjcxZjRhZmVkNWNhOTBhZjVjMjExYTFkZjp7Il9hdXRoX3VzZXJfaWQiOiIxIiwiX2F1dGhfdXNlcl9oYXNoIjoiN2U2OWNlM2ZjNWUyNjQ2OTA2NzhjNDEwYWQxOTExODYxNzAxZDk1OCIsIl9hdXRoX3VzZXJfYmFja2VuZCI6ImRqYW5nby5jb250cmliLmF1dGguYmFja2VuZHMuTW9kZWxCYWNrZW5kIn0=", "expire_date": "2019-08-13T09:42:35.548Z"}}, {"model": "sessions.session", "pk": "gwvlsrue69bkuiqkstfxcri62m7ap3fq", "fields": {"session_data": "YjMwZjEzNTg3YzBjYjNmNjcxZjRhZmVkNWNhOTBhZjVjMjExYTFkZjp7Il9hdXRoX3VzZXJfaWQiOiIxIiwiX2F1dGhfdXNlcl9oYXNoIjoiN2U2OWNlM2ZjNWUyNjQ2OTA2NzhjNDEwYWQxOTExODYxNzAxZDk1OCIsIl9hdXRoX3VzZXJfYmFja2VuZCI6ImRqYW5nby5jb250cmliLmF1dGguYmFja2VuZHMuTW9kZWxCYWNrZW5kIn0=", "expire_date": "2019-08-18T13:36:23.446Z"}}, {"model": "sessions.session", "pk": "hi0dkwqnpv95sxql79oy5nekwgzv58tb", "fields": {"session_data": "ODg0MzdmNzk0YTRmNGViMzg0YjFmNzliNWM0MTEyMmNjZTQyOWI5YTp7Il9hdXRoX3VzZXJfaWQiOiIyOCIsIl9hdXRoX3VzZXJfaGFzaCI6ImZhZDNlMDJiN2VjODVlNjM4Y2M5YTk3NWJiYjE0N2RhY2NlYTAyMjUiLCJfYXV0aF91c2VyX2JhY2tlbmQiOiJkamFuZ28uY29udHJpYi5hdXRoLmJhY2tlbmRzLk1vZGVsQmFja2VuZCJ9", "expire_date": "2019-06-21T00:15:18.634Z"}}, {"model": "sessions.session", "pk": "iifkj9ldg20c2zky6mi7quc0yv0t66cs", "fields": {"session_data": "NzVjMjVmY2Y3N2I5ZWFlZjNjYmVjYjJiZjg3YmNjNGQxNGYzYzk5MDp7Il9hdXRoX3VzZXJfaGFzaCI6IjdlNjljZTNmYzVlMjY0NjkwNjc4YzQxMGFkMTkxMTg2MTcwMWQ5NTgiLCJfYXV0aF91c2VyX2lkIjoiMSIsIl9hdXRoX3VzZXJfYmFja2VuZCI6ImRqYW5nby5jb250cmliLmF1dGguYmFja2VuZHMuTW9kZWxCYWNrZW5kIn0=", "expire_date": "2017-11-28T18:36:20.340Z"}}, {"model": "sessions.session", "pk": "iiry5nzng492guq1ovxfto9qz42xemg4", "fields": {"session_data": "MTI0YmY4MzJiOTYwNGY2MTlhMjBkZjQ5ZTA2ZGU0MjM4N2RlYjNjOTp7Il9hdXRoX3VzZXJfaWQiOiIxIiwiX2F1dGhfdXNlcl9iYWNrZW5kIjoiZGphbmdvLmNvbnRyaWIuYXV0aC5iYWNrZW5kcy5Nb2RlbEJhY2tlbmQiLCJfYXV0aF91c2VyX2hhc2giOiI3ZTY5Y2UzZmM1ZTI2NDY5MDY3OGM0MTBhZDE5MTE4NjE3MDFkOTU4In0=", "expire_date": "2017-07-09T09:12:50.942Z"}}, {"model": "sessions.session", "pk": "ji16x1jzqsjru81gprsqxc3n1a3fy879", "fields": {"session_data": "ZjcxZDk0YjAzMjNiNzM0Yjg0NGY0N2E0ZWVkNDFlYmVkNWRiZTEwMTp7Il9hdXRoX3VzZXJfaWQiOiI2MyIsIl9hdXRoX3VzZXJfaGFzaCI6IjBiOWIwYmUwOTRjMzg1ZWM2N2ZlNmZmMTE2ODJmN2M3NWM4YmY5NjEiLCJfYXV0aF91c2VyX2JhY2tlbmQiOiJkamFuZ28uY29udHJpYi5hdXRoLmJhY2tlbmRzLk1vZGVsQmFja2VuZCJ9", "expire_date": "2019-09-20T04:10:30.891Z"}}, {"model": "sessions.session", "pk": "jjj6ybtwicq8m7i04udjooy52xoqvrne", "fields": {"session_data": "NWM2ZTY4MDg5ZjY2YTJmMWI3MzNkYjBjYjZiODA5YjcxYzljZTQ5YTp7Il9hdXRoX3VzZXJfaWQiOiIxMyIsIl9hdXRoX3VzZXJfaGFzaCI6ImEyYjAyNWQ2NmQ4YWM4Y2FlMWYyNWZmZjRhNTdmNzgxMDM2MzViNDQiLCJfYXV0aF91c2VyX2JhY2tlbmQiOiJkamFuZ28uY29udHJpYi5hdXRoLmJhY2tlbmRzLk1vZGVsQmFja2VuZCJ9", "expire_date": "2019-05-20T19:44:04.361Z"}}, {"model": "sessions.session", "pk": "jp797y6kl7dbfrkm0lmkfs13bpb8i08v", "fields": {"session_data": "MTE0MGE4MjE2MGY5Y2QwMzhmMDA3ZDg0ZWM2YmQxYzJhNThhZDY3Mjp7Il9hdXRoX3VzZXJfaWQiOiI2NCIsIl9hdXRoX3VzZXJfaGFzaCI6IjU2MjZkMzJiMjFhNjhkNWI0MjhiMDNlMmY1ZDdkZmJmNTgzYTIxM2YiLCJfYXV0aF91c2VyX2JhY2tlbmQiOiJkamFuZ28uY29udHJpYi5hdXRoLmJhY2tlbmRzLk1vZGVsQmFja2VuZCJ9", "expire_date": "2019-09-20T12:24:17.976Z"}}, {"model": "sessions.session", "pk": "jqa69znjme52iw44oiy1pgorw9n8qa90", "fields": {"session_data": "NTJiMTBjYTNjMWIwNDVhMWQxMzVmMTNkNmZiNjI1M2IyMmNjY2Y0Yzp7Il9hdXRoX3VzZXJfaWQiOiI0NCIsIl9hdXRoX3VzZXJfaGFzaCI6IjA4NjA1NTAyNTg0YjhjOWIxMTk4MzdkNmFlZGU0NGY2ZGM0ODk5MWMiLCJfYXV0aF91c2VyX2JhY2tlbmQiOiJkamFuZ28uY29udHJpYi5hdXRoLmJhY2tlbmRzLk1vZGVsQmFja2VuZCJ9", "expire_date": "2019-08-29T23:19:54.963Z"}}, {"model": "sessions.session", "pk": "jwc03jzicpdlfykycp15n4gxuukb3rlj", "fields": {"session_data": "OTBlY2YwY2JjYTYyMjVhMWIwNjA4NTA2NzQzYzc5M2Q4MmZlMjQyMzp7Il9hdXRoX3VzZXJfYmFja2VuZCI6ImRqYW5nby5jb250cmliLmF1dGguYmFja2VuZHMuTW9kZWxCYWNrZW5kIiwiX2F1dGhfdXNlcl9oYXNoIjoiN2U2OWNlM2ZjNWUyNjQ2OTA2NzhjNDEwYWQxOTExODYxNzAxZDk1OCIsIl9hdXRoX3VzZXJfaWQiOiIxIn0=", "expire_date": "2017-10-07T06:03:23.214Z"}}, {"model": "sessions.session", "pk": "jzzoh0ohqni4w8laqrj9mik8oihi4lc9", "fields": {"session_data": "YjMwZjEzNTg3YzBjYjNmNjcxZjRhZmVkNWNhOTBhZjVjMjExYTFkZjp7Il9hdXRoX3VzZXJfaWQiOiIxIiwiX2F1dGhfdXNlcl9oYXNoIjoiN2U2OWNlM2ZjNWUyNjQ2OTA2NzhjNDEwYWQxOTExODYxNzAxZDk1OCIsIl9hdXRoX3VzZXJfYmFja2VuZCI6ImRqYW5nby5jb250cmliLmF1dGguYmFja2VuZHMuTW9kZWxCYWNrZW5kIn0=", "expire_date": "2019-08-13T09:42:35.544Z"}}, {"model": "sessions.session", "pk": "kj0rpifxmhip11yrw1rqwhueb17bgwhi", "fields": {"session_data": "MjBiMGM0MmUyMzJjNzlmMmU1ZTJjN2MyNWFhNzdhNmY4ZjlkNWE3Mjp7Il9hdXRoX3VzZXJfaWQiOiI2MiIsIl9hdXRoX3VzZXJfaGFzaCI6IjQ1YTQzNmU3ZjZmODM1NzRjODEzYzcxMzBmMWE3MjVhNmFhMjEyNDAiLCJfYXV0aF91c2VyX2JhY2tlbmQiOiJkamFuZ28uY29udHJpYi5hdXRoLmJhY2tlbmRzLk1vZGVsQmFja2VuZCJ9", "expire_date": "2019-09-20T03:46:48.677Z"}}, {"model": "sessions.session", "pk": "kkx4flb3g3u8ne4a86i4d97o2c21ipyb", "fields": {"session_data": "NTYwNGZiZWFkMTMxMjU5MDgyY2E4MTY3MmQ0NjY5YzM4NTFiMmI1Njp7Il9hdXRoX3VzZXJfaWQiOiI3MiIsIl9hdXRoX3VzZXJfaGFzaCI6IjA3MjE2MDQ1MGU0OWZmNTM5OTk3ZjA1MjZiZjdiYzdlMjk0YzZkZWIiLCJfYXV0aF91c2VyX2JhY2tlbmQiOiJkamFuZ28uY29udHJpYi5hdXRoLmJhY2tlbmRzLk1vZGVsQmFja2VuZCJ9", "expire_date": "2019-09-25T04:02:47.568Z"}}, {"model": "sessions.session", "pk": "kqtjttns61hiawg59ff7vlskh478ytli", "fields": {"session_data": "YjBjODk5YzIzMjRhZmQxNmMxZTc1ODYxMzAzODI4MmY5MWM3MDEwYTp7Il9hdXRoX3VzZXJfYmFja2VuZCI6ImRqYW5nby5jb250cmliLmF1dGguYmFja2VuZHMuTW9kZWxCYWNrZW5kIiwiX2F1dGhfdXNlcl9pZCI6IjEiLCJfYXV0aF91c2VyX2hhc2giOiI3ZTY5Y2UzZmM1ZTI2NDY5MDY3OGM0MTBhZDE5MTE4NjE3MDFkOTU4In0=", "expire_date": "2017-08-14T15:35:15.272Z"}}, {"model": "sessions.session", "pk": "l3b4urdhiuuiu187djmly0st553dm4ig", "fields": {"session_data": "ZWQ3ODY4Y2FmZGUzY2RiMTY0NTY3MmUzZGRhNjAwNTI4MmE4NWM0NDp7Il9hdXRoX3VzZXJfaWQiOiI0MiIsIl9hdXRoX3VzZXJfaGFzaCI6ImJhMTQxOWI3MDdjYThlMzY4NjNiODljMGJmNTY2MmNjNWY4ZWMwNTQiLCJfYXV0aF91c2VyX2JhY2tlbmQiOiJkamFuZ28uY29udHJpYi5hdXRoLmJhY2tlbmRzLk1vZGVsQmFja2VuZCJ9", "expire_date": "2019-08-29T05:10:28.780Z"}}, {"model": "sessions.session", "pk": "l6qif6qii7h47krwob0pg23r2jm0snte", "fields": {"session_data": "MTI0YmY4MzJiOTYwNGY2MTlhMjBkZjQ5ZTA2ZGU0MjM4N2RlYjNjOTp7Il9hdXRoX3VzZXJfaWQiOiIxIiwiX2F1dGhfdXNlcl9iYWNrZW5kIjoiZGphbmdvLmNvbnRyaWIuYXV0aC5iYWNrZW5kcy5Nb2RlbEJhY2tlbmQiLCJfYXV0aF91c2VyX2hhc2giOiI3ZTY5Y2UzZmM1ZTI2NDY5MDY3OGM0MTBhZDE5MTE4NjE3MDFkOTU4In0=", "expire_date": "2018-05-12T19:30:33.482Z"}}, {"model": "sessions.session", "pk": "m0osvz92yp5nq0jx3c0nv4ekuiohcxhg", "fields": {"session_data": "MzI1YzAyOWUzMGE1NjkzOTU5MmEzMGM0MGNlOTZmODJmYWRkYjE2Njp7Il9hdXRoX3VzZXJfaWQiOiIyNiIsIl9hdXRoX3VzZXJfaGFzaCI6IjYyYTk5NjM4MTQ4ZWU3OTM3ZmY2NDFiNTdmNGM2MjBkODI1ZjIyYWQiLCJfYXV0aF91c2VyX2JhY2tlbmQiOiJkamFuZ28uY29udHJpYi5hdXRoLmJhY2tlbmRzLk1vZGVsQmFja2VuZCJ9", "expire_date": "2019-06-15T15:59:43.283Z"}}, {"model": "sessions.session", "pk": "m4rlvtgi3qys0pm509eaqvpei3f6bd5z", "fields": {"session_data": "YjMwZjEzNTg3YzBjYjNmNjcxZjRhZmVkNWNhOTBhZjVjMjExYTFkZjp7Il9hdXRoX3VzZXJfaWQiOiIxIiwiX2F1dGhfdXNlcl9oYXNoIjoiN2U2OWNlM2ZjNWUyNjQ2OTA2NzhjNDEwYWQxOTExODYxNzAxZDk1OCIsIl9hdXRoX3VzZXJfYmFja2VuZCI6ImRqYW5nby5jb250cmliLmF1dGguYmFja2VuZHMuTW9kZWxCYWNrZW5kIn0=", "expire_date": "2019-11-24T07:27:15.433Z"}}, {"model": "sessions.session", "pk": "mrkiex4pqe6eqqy3a4220kz97nxfv82t", "fields": {"session_data": "ZTlmNmI1NzZiY2M1MGM2NDcxMGMxNGNkMzhhYTQ1NmQ1NjIzZTI0Zjp7Il9hdXRoX3VzZXJfaWQiOiIzNCIsIl9hdXRoX3VzZXJfaGFzaCI6ImViYTA4MmQ2MGU0MDMzNDU4NjAyZjhmZjhjN2JlZmFjZmYwYjUyZjQiLCJfYXV0aF91c2VyX2JhY2tlbmQiOiJkamFuZ28uY29udHJpYi5hdXRoLmJhY2tlbmRzLk1vZGVsQmFja2VuZCJ9", "expire_date": "2019-07-18T17:27:43.021Z"}}, {"model": "sessions.session", "pk": "msvbe09g0hl0ducntz6nmdw8slyk4lru", "fields": {"session_data": "Mjg2MjQ4NmFhZGFkZWMyYTYzOTYxNWZlMDZkYTNiOGFmMjc3MWVjMTp7Il9hdXRoX3VzZXJfaWQiOiI2NiIsIl9hdXRoX3VzZXJfaGFzaCI6Ijc3ZWQ5MGMyY2MwMWNiZDRjZjI5MGEyMjFkNmEzMmY2M2MzMDNhOWIiLCJfYXV0aF91c2VyX2JhY2tlbmQiOiJkamFuZ28uY29udHJpYi5hdXRoLmJhY2tlbmRzLk1vZGVsQmFja2VuZCJ9", "expire_date": "2019-09-20T22:36:49.673Z"}}, {"model": "sessions.session", "pk": "n0886w4z12rrazljyqoq7b5n7vjddg1y", "fields": {"session_data": "MTI0YmY4MzJiOTYwNGY2MTlhMjBkZjQ5ZTA2ZGU0MjM4N2RlYjNjOTp7Il9hdXRoX3VzZXJfaWQiOiIxIiwiX2F1dGhfdXNlcl9iYWNrZW5kIjoiZGphbmdvLmNvbnRyaWIuYXV0aC5iYWNrZW5kcy5Nb2RlbEJhY2tlbmQiLCJfYXV0aF91c2VyX2hhc2giOiI3ZTY5Y2UzZmM1ZTI2NDY5MDY3OGM0MTBhZDE5MTE4NjE3MDFkOTU4In0=", "expire_date": "2017-07-25T12:02:53.627Z"}}, {"model": "sessions.session", "pk": "nal2o6j744peevs4gytgqdy63ormwhpw", "fields": {"session_data": "MTI0YmY4MzJiOTYwNGY2MTlhMjBkZjQ5ZTA2ZGU0MjM4N2RlYjNjOTp7Il9hdXRoX3VzZXJfaWQiOiIxIiwiX2F1dGhfdXNlcl9iYWNrZW5kIjoiZGphbmdvLmNvbnRyaWIuYXV0aC5iYWNrZW5kcy5Nb2RlbEJhY2tlbmQiLCJfYXV0aF91c2VyX2hhc2giOiI3ZTY5Y2UzZmM1ZTI2NDY5MDY3OGM0MTBhZDE5MTE4NjE3MDFkOTU4In0=", "expire_date": "2017-10-06T18:24:36.103Z"}}, {"model": "sessions.session", "pk": "nkiat2w2k062s6c7qutiweak84ecsj3q", "fields": {"session_data": "NTAwZWQ3NjM4MzJiZjMxOTE4YThkMmMyN2YyNWRlOGIwOTA0NjQzZTp7Il9hdXRoX3VzZXJfaGFzaCI6IjE1N2I2MWZlYjNmNjJiZGVjZDAyODk2NGI4MzAzNDRkMWM3NDU2MmMiLCJfYXV0aF91c2VyX2JhY2tlbmQiOiJkamFuZ28uY29udHJpYi5hdXRoLmJhY2tlbmRzLk1vZGVsQmFja2VuZCIsIl9hdXRoX3VzZXJfaWQiOiIxMSJ9", "expire_date": "2019-03-21T21:56:30.856Z"}}, {"model": "sessions.session", "pk": "onlvkjawmz0i773mlkxf6jv4mssgr38r", "fields": {"session_data": "OTRmZGNlZWJhMWIxZmM0YzRhOWUyOTBlYmNhYmRiN2Y1NGM0YThmMzp7Il9hdXRoX3VzZXJfaWQiOiIxNCIsIl9hdXRoX3VzZXJfaGFzaCI6Ijc2ZWFmZTIxMWI5YTFkYjFkMDM5OTA2YzRhYzljZTljOTNmOTRkN2MiLCJfYXV0aF91c2VyX2JhY2tlbmQiOiJkamFuZ28uY29udHJpYi5hdXRoLmJhY2tlbmRzLk1vZGVsQmFja2VuZCJ9", "expire_date": "2019-05-21T11:53:09.710Z"}}, {"model": "sessions.session", "pk": "otqu1un1q2xpjafldc2cdxs6h2dsgvz2", "fields": {"session_data": "ZTgwYjZkNTkwZmVhYTMyYTNhYjE5YzMwNzAzZTMxMmZiZDU0YmQyOTp7Il9hdXRoX3VzZXJfaWQiOiIxNSIsIl9hdXRoX3VzZXJfaGFzaCI6IjdjYzFiNzRkNjMxY2IxNTBhYTJlNmE4MjhiZjAyZjYwMjc3ZjJhYTciLCJfYXV0aF91c2VyX2JhY2tlbmQiOiJkamFuZ28uY29udHJpYi5hdXRoLmJhY2tlbmRzLk1vZGVsQmFja2VuZCJ9", "expire_date": "2019-05-22T05:16:02.700Z"}}, {"model": "sessions.session", "pk": "ou2t45zxjnv77znvgj6mqk60isof1nje", "fields": {"session_data": "MTI0YmY4MzJiOTYwNGY2MTlhMjBkZjQ5ZTA2ZGU0MjM4N2RlYjNjOTp7Il9hdXRoX3VzZXJfaWQiOiIxIiwiX2F1dGhfdXNlcl9iYWNrZW5kIjoiZGphbmdvLmNvbnRyaWIuYXV0aC5iYWNrZW5kcy5Nb2RlbEJhY2tlbmQiLCJfYXV0aF91c2VyX2hhc2giOiI3ZTY5Y2UzZmM1ZTI2NDY5MDY3OGM0MTBhZDE5MTE4NjE3MDFkOTU4In0=", "expire_date": "2017-07-08T21:25:27.797Z"}}, {"model": "sessions.session", "pk": "pbaahp7yxlxrporzxfthzbwms4yziyuk", "fields": {"session_data": "MTI0YmY4MzJiOTYwNGY2MTlhMjBkZjQ5ZTA2ZGU0MjM4N2RlYjNjOTp7Il9hdXRoX3VzZXJfaWQiOiIxIiwiX2F1dGhfdXNlcl9iYWNrZW5kIjoiZGphbmdvLmNvbnRyaWIuYXV0aC5iYWNrZW5kcy5Nb2RlbEJhY2tlbmQiLCJfYXV0aF91c2VyX2hhc2giOiI3ZTY5Y2UzZmM1ZTI2NDY5MDY3OGM0MTBhZDE5MTE4NjE3MDFkOTU4In0=", "expire_date": "2017-08-08T18:44:41.966Z"}}, {"model": "sessions.session", "pk": "qb1sivmex0i0zbo9d5m0ix4jezdpywej", "fields": {"session_data": "MTI0YmY4MzJiOTYwNGY2MTlhMjBkZjQ5ZTA2ZGU0MjM4N2RlYjNjOTp7Il9hdXRoX3VzZXJfaWQiOiIxIiwiX2F1dGhfdXNlcl9iYWNrZW5kIjoiZGphbmdvLmNvbnRyaWIuYXV0aC5iYWNrZW5kcy5Nb2RlbEJhY2tlbmQiLCJfYXV0aF91c2VyX2hhc2giOiI3ZTY5Y2UzZmM1ZTI2NDY5MDY3OGM0MTBhZDE5MTE4NjE3MDFkOTU4In0=", "expire_date": "2017-08-16T05:27:02.883Z"}}, {"model": "sessions.session", "pk": "qzqhpnhfmbstxcoarss3d5p7pid7hvsg", "fields": {"session_data": "MTI0YmY4MzJiOTYwNGY2MTlhMjBkZjQ5ZTA2ZGU0MjM4N2RlYjNjOTp7Il9hdXRoX3VzZXJfaWQiOiIxIiwiX2F1dGhfdXNlcl9iYWNrZW5kIjoiZGphbmdvLmNvbnRyaWIuYXV0aC5iYWNrZW5kcy5Nb2RlbEJhY2tlbmQiLCJfYXV0aF91c2VyX2hhc2giOiI3ZTY5Y2UzZmM1ZTI2NDY5MDY3OGM0MTBhZDE5MTE4NjE3MDFkOTU4In0=", "expire_date": "2017-07-09T17:46:25.079Z"}}, {"model": "sessions.session", "pk": "r8aixjiufakn6mt6yb5o15x2fo4mcrz5", "fields": {"session_data": "MTI0YmY4MzJiOTYwNGY2MTlhMjBkZjQ5ZTA2ZGU0MjM4N2RlYjNjOTp7Il9hdXRoX3VzZXJfaWQiOiIxIiwiX2F1dGhfdXNlcl9iYWNrZW5kIjoiZGphbmdvLmNvbnRyaWIuYXV0aC5iYWNrZW5kcy5Nb2RlbEJhY2tlbmQiLCJfYXV0aF91c2VyX2hhc2giOiI3ZTY5Y2UzZmM1ZTI2NDY5MDY3OGM0MTBhZDE5MTE4NjE3MDFkOTU4In0=", "expire_date": "2017-09-09T06:18:46.964Z"}}, {"model": "sessions.session", "pk": "rd1wcmjwg4qa2s2ek9q566qjkkjpm7fg", "fields": {"session_data": "YjBlMDgxNTc5Njg4YmJmMzFlM2JjMDY1ZDk2OTUyYjUzNjFiZGU1NTp7Il9hdXRoX3VzZXJfaGFzaCI6IjdlNjljZTNmYzVlMjY0NjkwNjc4YzQxMGFkMTkxMTg2MTcwMWQ5NTgiLCJfYXV0aF91c2VyX2JhY2tlbmQiOiJkamFuZ28uY29udHJpYi5hdXRoLmJhY2tlbmRzLk1vZGVsQmFja2VuZCIsIl9hdXRoX3VzZXJfaWQiOiIxIn0=", "expire_date": "2017-09-02T12:03:30.368Z"}}, {"model": "sessions.session", "pk": "s8gzy0t9qhr5ravfruruwt8kfgvdyyoz", "fields": {"session_data": "MTg4ZDIxNzgyZmY5OTcxZjRjOWMzMTY2NmQ1OTYxNmU1MTE4OTEyMzp7Il9hdXRoX3VzZXJfaWQiOiIxNiIsIl9hdXRoX3VzZXJfaGFzaCI6ImI3YmNhYjA3YmY3YzIxOTJiMmVkYjc3MDBiMzVmMmIxOWRkNDVjNWQiLCJfYXV0aF91c2VyX2JhY2tlbmQiOiJkamFuZ28uY29udHJpYi5hdXRoLmJhY2tlbmRzLk1vZGVsQmFja2VuZCJ9", "expire_date": "2019-05-24T20:34:20.646Z"}}, {"model": "sessions.session", "pk": "sq41o2zvuiwfixropxkzt8pjw765wk34", "fields": {"session_data": "MTI0YmY4MzJiOTYwNGY2MTlhMjBkZjQ5ZTA2ZGU0MjM4N2RlYjNjOTp7Il9hdXRoX3VzZXJfaWQiOiIxIiwiX2F1dGhfdXNlcl9iYWNrZW5kIjoiZGphbmdvLmNvbnRyaWIuYXV0aC5iYWNrZW5kcy5Nb2RlbEJhY2tlbmQiLCJfYXV0aF91c2VyX2hhc2giOiI3ZTY5Y2UzZmM1ZTI2NDY5MDY3OGM0MTBhZDE5MTE4NjE3MDFkOTU4In0=", "expire_date": "2017-06-10T11:48:29.920Z"}}, {"model": "sessions.session", "pk": "su19xn7p3dx65st2jf87yzuh3q7pf3h1", "fields": {"session_data": "NDlhNjQ5NzEwMTM5ODk2OWJiOWE2ZGQ3M2UxYjUzNGVlMzI0ZGI3Njp7Il9hdXRoX3VzZXJfaWQiOiI1NSIsIl9hdXRoX3VzZXJfaGFzaCI6ImRlZTMwZTZmMGM4NzM0OGVjZDYwMDEyYzA3Y2I2MDUzNmQ1YWY5Y2UiLCJfYXV0aF91c2VyX2JhY2tlbmQiOiJkamFuZ28uY29udHJpYi5hdXRoLmJhY2tlbmRzLk1vZGVsQmFja2VuZCJ9", "expire_date": "2019-09-16T19:42:15.979Z"}}, {"model": "sessions.session", "pk": "tsc4yjlveobnlu0qfimlc0y71ca1eduk", "fields": {"session_data": "YjU2MDE1ZmI3ZjQ5MjI1MTM4YmU2YTNhMWY0ZjVkOGQ3MWRhYzNjZTp7Il9hdXRoX3VzZXJfaWQiOiI0NyIsIl9hdXRoX3VzZXJfaGFzaCI6IjA0ZDgzYTQ5NzRhMzZjMDIwZDRlYjUzZGY2NmM3MjUzY2U0ZjliOWYiLCJfYXV0aF91c2VyX2JhY2tlbmQiOiJkamFuZ28uY29udHJpYi5hdXRoLmJhY2tlbmRzLk1vZGVsQmFja2VuZCJ9", "expire_date": "2019-09-06T02:49:02.716Z"}}, {"model": "sessions.session", "pk": "u2bggsr87mkjts3g8kbslhzp6fgrf41v", "fields": {"session_data": "OTI5Mjg0ZDNkZDlhZTk1YTU1YjA4ODI0NDhhMTI1ZWQ4OWJhMWFhZTp7Il9hdXRoX3VzZXJfaWQiOiI1OCIsIl9hdXRoX3VzZXJfaGFzaCI6ImVhMTBjYzQzNTM3YTE0N2Q3ZjM4MjdjM2IzZDZiNTYzN2M1NTU5ZDciLCJfYXV0aF91c2VyX2JhY2tlbmQiOiJkamFuZ28uY29udHJpYi5hdXRoLmJhY2tlbmRzLk1vZGVsQmFja2VuZCJ9", "expire_date": "2019-09-18T04:56:12.415Z"}}, {"model": "sessions.session", "pk": "ucexc987gjk0rcgbbmc9f80tvkqkuat8", "fields": {"session_data": "YjMwZjEzNTg3YzBjYjNmNjcxZjRhZmVkNWNhOTBhZjVjMjExYTFkZjp7Il9hdXRoX3VzZXJfaWQiOiIxIiwiX2F1dGhfdXNlcl9oYXNoIjoiN2U2OWNlM2ZjNWUyNjQ2OTA2NzhjNDEwYWQxOTExODYxNzAxZDk1OCIsIl9hdXRoX3VzZXJfYmFja2VuZCI6ImRqYW5nby5jb250cmliLmF1dGguYmFja2VuZHMuTW9kZWxCYWNrZW5kIn0=", "expire_date": "2018-11-04T07:05:34.141Z"}}, {"model": "sessions.session", "pk": "v2pxggovffnkn10m1q5x32n0h0z1a2c6", "fields": {"session_data": "OWU5YzRiYzRhN2RhNTMxYTM3ZmZhMDNkNjdkMTZjYzE0NTMwMjJlMTp7Il9hdXRoX3VzZXJfaWQiOiI3MSIsIl9hdXRoX3VzZXJfaGFzaCI6IjE4M2QxMzE2ODA4MmQyZmVmMWMyMzhkNzI1OWFkM2IwMTQ0YTQ0NjkiLCJfYXV0aF91c2VyX2JhY2tlbmQiOiJkamFuZ28uY29udHJpYi5hdXRoLmJhY2tlbmRzLk1vZGVsQmFja2VuZCJ9", "expire_date": "2019-09-24T10:05:56.497Z"}}, {"model": "sessions.session", "pk": "v2sk7gh2y5i2c0dso96fpw37h4rpjvlo", "fields": {"session_data": "YTFiZTUxMDA3MGM5NjQ4M2VjYzAzNWEwYjAwM2I4MDJlMThiOTQ2Zjp7Il9hdXRoX3VzZXJfaWQiOiI1NiIsIl9hdXRoX3VzZXJfaGFzaCI6ImMxYTY5N2JiYzVkODgwNGE3NGFiYzNmZGEyMjY3ZjY1NWZjMTY5ZDkiLCJfYXV0aF91c2VyX2JhY2tlbmQiOiJkamFuZ28uY29udHJpYi5hdXRoLmJhY2tlbmRzLk1vZGVsQmFja2VuZCJ9", "expire_date": "2019-09-16T19:42:28.888Z"}}, {"model": "sessions.session", "pk": "vibqwga6yk6s3cpt60bmxycg68s89io8", "fields": {"session_data": "OTBlY2YwY2JjYTYyMjVhMWIwNjA4NTA2NzQzYzc5M2Q4MmZlMjQyMzp7Il9hdXRoX3VzZXJfYmFja2VuZCI6ImRqYW5nby5jb250cmliLmF1dGguYmFja2VuZHMuTW9kZWxCYWNrZW5kIiwiX2F1dGhfdXNlcl9oYXNoIjoiN2U2OWNlM2ZjNWUyNjQ2OTA2NzhjNDEwYWQxOTExODYxNzAxZDk1OCIsIl9hdXRoX3VzZXJfaWQiOiIxIn0=", "expire_date": "2018-08-04T13:56:48.625Z"}}, {"model": "sessions.session", "pk": "vp9ms7mtb1xxex6skgifnb25zpxjx5cp", "fields": {"session_data": "YTJlYzI5ZGM1MjJhYmQxZmNmOGY4NmY5Zjg3NTljYTVkY2Y1MzJhNDp7Il9hdXRoX3VzZXJfaWQiOiIzNiIsIl9hdXRoX3VzZXJfaGFzaCI6IjY1ZDcyZGVhYTdhYmRjYzM4ZGI3OWRiMmYxZmNlZDZjMzQ3NTI1ODkiLCJfYXV0aF91c2VyX2JhY2tlbmQiOiJkamFuZ28uY29udHJpYi5hdXRoLmJhY2tlbmRzLk1vZGVsQmFja2VuZCJ9", "expire_date": "2019-07-21T15:26:31.646Z"}}, {"model": "sessions.session", "pk": "vpg191zvlsi7zf47239ycz5ldfxsx659", "fields": {"session_data": "ZjI3MTJmNDEzZDU1NjljYzM5NmFjYmNmZWE4YjE3MGM1YWYxYzJiNzp7Il9hdXRoX3VzZXJfaWQiOiIyOSIsIl9hdXRoX3VzZXJfaGFzaCI6IjUwMWU0NTM2ZjZmMWM3MjY1YTYzMjhkODEzZDFkNGU5MDU2OGExYTQiLCJfYXV0aF91c2VyX2JhY2tlbmQiOiJkamFuZ28uY29udHJpYi5hdXRoLmJhY2tlbmRzLk1vZGVsQmFja2VuZCJ9", "expire_date": "2019-06-21T07:49:04.885Z"}}, {"model": "sessions.session", "pk": "w0lw0hq1vvkdg2mn1y92emxxzruzxk3t", "fields": {"session_data": "YjAzOWY5MjgwZGQzZmZlYTJlZmQxNTIyZWFlYWZlOTY2NTA0ODRiODp7Il9hdXRoX3VzZXJfaWQiOiI1NCIsIl9hdXRoX3VzZXJfaGFzaCI6ImNiMzdmNTlhNjU5MjQzZDI3YjE0OTQ5ZTc5M2VkNTkyODViNDgyNGUiLCJfYXV0aF91c2VyX2JhY2tlbmQiOiJkamFuZ28uY29udHJpYi5hdXRoLmJhY2tlbmRzLk1vZGVsQmFja2VuZCJ9", "expire_date": "2019-09-12T17:07:40.139Z"}}, {"model": "sessions.session", "pk": "w5rgc5218l71f0s11rakoeuq95k2lojs", "fields": {"session_data": "MTI0YmY4MzJiOTYwNGY2MTlhMjBkZjQ5ZTA2ZGU0MjM4N2RlYjNjOTp7Il9hdXRoX3VzZXJfaWQiOiIxIiwiX2F1dGhfdXNlcl9iYWNrZW5kIjoiZGphbmdvLmNvbnRyaWIuYXV0aC5iYWNrZW5kcy5Nb2RlbEJhY2tlbmQiLCJfYXV0aF91c2VyX2hhc2giOiI3ZTY5Y2UzZmM1ZTI2NDY5MDY3OGM0MTBhZDE5MTE4NjE3MDFkOTU4In0=", "expire_date": "2017-08-15T14:48:19.159Z"}}, {"model": "sessions.session", "pk": "w86ef1rmecgu5g49y9eecj4ybu8rb8bw", "fields": {"session_data": "MTI0YmY4MzJiOTYwNGY2MTlhMjBkZjQ5ZTA2ZGU0MjM4N2RlYjNjOTp7Il9hdXRoX3VzZXJfaWQiOiIxIiwiX2F1dGhfdXNlcl9iYWNrZW5kIjoiZGphbmdvLmNvbnRyaWIuYXV0aC5iYWNrZW5kcy5Nb2RlbEJhY2tlbmQiLCJfYXV0aF91c2VyX2hhc2giOiI3ZTY5Y2UzZmM1ZTI2NDY5MDY3OGM0MTBhZDE5MTE4NjE3MDFkOTU4In0=", "expire_date": "2017-12-06T14:21:19.807Z"}}, {"model": "sessions.session", "pk": "wlqfoippkxj5zgiz0aupa1q7mlds90ki", "fields": {"session_data": "NDM4MjdlNTkxZDQ4MDczZTgyNWIxMGU4YTk5YmIzYjc1OWE0OGYxMTp7Il9hdXRoX3VzZXJfaWQiOiI2OCIsIl9hdXRoX3VzZXJfaGFzaCI6IjdkNzg3MmFlMTQwMWRjNGEyZTEyYzkyOTYzOTE3N2M0OWM5YzBkOWIiLCJfYXV0aF91c2VyX2JhY2tlbmQiOiJkamFuZ28uY29udHJpYi5hdXRoLmJhY2tlbmRzLk1vZGVsQmFja2VuZCJ9", "expire_date": "2019-09-22T12:35:30.271Z"}}, {"model": "sessions.session", "pk": "wne6ph6evzmblqz1qtbau3i7z3xzh3kb", "fields": {"session_data": "ZTI3YTUxZDM2MjViZGMwYjhjODU3Y2E3MjJiMjZiYTc4MmYwMDc5Yzp7Il9hdXRoX3VzZXJfaWQiOiIyMiIsIl9hdXRoX3VzZXJfaGFzaCI6ImQyMGJmYTFjMzEwZGY0MzAwNzUzM2UwNzNkMDQ3ZTAyYmVmMDVhNTAiLCJfYXV0aF91c2VyX2JhY2tlbmQiOiJkamFuZ28uY29udHJpYi5hdXRoLmJhY2tlbmRzLk1vZGVsQmFja2VuZCJ9", "expire_date": "2019-06-09T22:16:56.324Z"}}, {"model": "sessions.session", "pk": "wpc73fh43e7glhq30nhg0wjb3gm1fy2v", "fields": {"session_data": "MTI0YmY4MzJiOTYwNGY2MTlhMjBkZjQ5ZTA2ZGU0MjM4N2RlYjNjOTp7Il9hdXRoX3VzZXJfaWQiOiIxIiwiX2F1dGhfdXNlcl9iYWNrZW5kIjoiZGphbmdvLmNvbnRyaWIuYXV0aC5iYWNrZW5kcy5Nb2RlbEJhY2tlbmQiLCJfYXV0aF91c2VyX2hhc2giOiI3ZTY5Y2UzZmM1ZTI2NDY5MDY3OGM0MTBhZDE5MTE4NjE3MDFkOTU4In0=", "expire_date": "2017-06-10T14:50:18.782Z"}}, {"model": "sessions.session", "pk": "wthekzchq6zx97hgd7493xljmym5qo69", "fields": {"session_data": "Zjk1YWYxOTg4MDBkYzkyYTc1NzdkNTM0OTA1MDk4ODM1NmIzMTk1ODp7Il9hdXRoX3VzZXJfaWQiOiI2MCIsIl9hdXRoX3VzZXJfaGFzaCI6ImQ2YjFiMjE5Mjc4ZjA2YmFlYzY2ZTIwNWYzMzkyOTM0ZDg3MmIyYTAiLCJfYXV0aF91c2VyX2JhY2tlbmQiOiJkamFuZ28uY29udHJpYi5hdXRoLmJhY2tlbmRzLk1vZGVsQmFja2VuZCJ9", "expire_date": "2019-09-19T13:38:31.802Z"}}, {"model": "sessions.session", "pk": "wtkt6kze9uewhmo1erxs8jwrgo4r4bw4", "fields": {"session_data": "NzVjMjVmY2Y3N2I5ZWFlZjNjYmVjYjJiZjg3YmNjNGQxNGYzYzk5MDp7Il9hdXRoX3VzZXJfaGFzaCI6IjdlNjljZTNmYzVlMjY0NjkwNjc4YzQxMGFkMTkxMTg2MTcwMWQ5NTgiLCJfYXV0aF91c2VyX2lkIjoiMSIsIl9hdXRoX3VzZXJfYmFja2VuZCI6ImRqYW5nby5jb250cmliLmF1dGguYmFja2VuZHMuTW9kZWxCYWNrZW5kIn0=", "expire_date": "2018-05-02T06:11:37.830Z"}}, {"model": "sessions.session", "pk": "wzjvvdzzcp2kj69gexmtw1xrusujwtsu", "fields": {"session_data": "MTI0YmY4MzJiOTYwNGY2MTlhMjBkZjQ5ZTA2ZGU0MjM4N2RlYjNjOTp7Il9hdXRoX3VzZXJfaWQiOiIxIiwiX2F1dGhfdXNlcl9iYWNrZW5kIjoiZGphbmdvLmNvbnRyaWIuYXV0aC5iYWNrZW5kcy5Nb2RlbEJhY2tlbmQiLCJfYXV0aF91c2VyX2hhc2giOiI3ZTY5Y2UzZmM1ZTI2NDY5MDY3OGM0MTBhZDE5MTE4NjE3MDFkOTU4In0=", "expire_date": "2017-12-05T15:55:29.867Z"}}, {"model": "sessions.session", "pk": "xllqezxa7a0lgn04msy8urqez93hx69q", "fields": {"session_data": "OGZlZWMxNTIzMmQxN2MwNTJmYTQwM2JmOWRjMDc5NDI4ZTkzNGVhZjp7Il9hdXRoX3VzZXJfaWQiOiIyNyIsIl9hdXRoX3VzZXJfaGFzaCI6IjM3MjAwNmVlNjBlMGQxYTA0N2ZlZTg2ZTM2YWE2MjUyMzIzZGNhZjkiLCJfYXV0aF91c2VyX2JhY2tlbmQiOiJkamFuZ28uY29udHJpYi5hdXRoLmJhY2tlbmRzLk1vZGVsQmFja2VuZCJ9", "expire_date": "2019-06-16T13:26:44.670Z"}}, {"model": "sessions.session", "pk": "xr2epb5z6vpfqvanwwys005wcyoittw8", "fields": {"session_data": "NzBlMDliZWU2MjNmZDRmOTRiMzQzOGU3Y2ViZjUwOWJhY2YzYWNmNzp7Il9hdXRoX3VzZXJfaWQiOiIxNyIsIl9hdXRoX3VzZXJfaGFzaCI6IjBjZTc1MzU3ZDk1ZmQ5MGEwYzVlOGRiMjVmYzA0NjAxYTgyOWNkZTYiLCJfYXV0aF91c2VyX2JhY2tlbmQiOiJkamFuZ28uY29udHJpYi5hdXRoLmJhY2tlbmRzLk1vZGVsQmFja2VuZCJ9", "expire_date": "2019-05-26T06:08:32.809Z"}}, {"model": "sessions.session", "pk": "zr9t03krfct3j7lmbkr4bze4qw0icsxg", "fields": {"session_data": "YjMwZjEzNTg3YzBjYjNmNjcxZjRhZmVkNWNhOTBhZjVjMjExYTFkZjp7Il9hdXRoX3VzZXJfaWQiOiIxIiwiX2F1dGhfdXNlcl9oYXNoIjoiN2U2OWNlM2ZjNWUyNjQ2OTA2NzhjNDEwYWQxOTExODYxNzAxZDk1OCIsIl9hdXRoX3VzZXJfYmFja2VuZCI6ImRqYW5nby5jb250cmliLmF1dGguYmFja2VuZHMuTW9kZWxCYWNrZW5kIn0=", "expire_date": "2018-08-19T11:20:50.130Z"}}, {"model": "sessions.session", "pk": "zshpeye8xtb3tj8qze5zhrr35mmzx2fv", "fields": {"session_data": "MTI0YmY4MzJiOTYwNGY2MTlhMjBkZjQ5ZTA2ZGU0MjM4N2RlYjNjOTp7Il9hdXRoX3VzZXJfaWQiOiIxIiwiX2F1dGhfdXNlcl9iYWNrZW5kIjoiZGphbmdvLmNvbnRyaWIuYXV0aC5iYWNrZW5kcy5Nb2RlbEJhY2tlbmQiLCJfYXV0aF91c2VyX2hhc2giOiI3ZTY5Y2UzZmM1ZTI2NDY5MDY3OGM0MTBhZDE5MTE4NjE3MDFkOTU4In0=", "expire_date": "2017-08-17T16:42:15.266Z"}}, {"model": "auth.permission", "pk": 1, "fields": {"name": "Can add log entry", "content_type": 1, "codename": "add_logentry"}}, {"model": "auth.permission", "pk": 2, "fields": {"name": "Can change log entry", "content_type": 1, "codename": "change_logentry"}}, {"model": "auth.permission", "pk": 3, "fields": {"name": "Can delete log entry", "content_type": 1, "codename": "delete_logentry"}}, {"model": "auth.permission", "pk": 4, "fields": {"name": "Can add permission", "content_type": 2, "codename": "add_permission"}}, {"model": "auth.permission", "pk": 5, "fields": {"name": "Can change permission", "content_type": 2, "codename": "change_permission"}}, {"model": "auth.permission", "pk": 6, "fields": {"name": "Can delete permission", "content_type": 2, "codename": "delete_permission"}}, {"model": "auth.permission", "pk": 7, "fields": {"name": "Can add group", "content_type": 3, "codename": "add_group"}}, {"model": "auth.permission", "pk": 8, "fields": {"name": "Can change group", "content_type": 3, "codename": "change_group"}}, {"model": "auth.permission", "pk": 9, "fields": {"name": "Can delete group", "content_type": 3, "codename": "delete_group"}}, {"model": "auth.permission", "pk": 10, "fields": {"name": "Can add user", "content_type": 4, "codename": "add_user"}}, {"model": "auth.permission", "pk": 11, "fields": {"name": "Can change user", "content_type": 4, "codename": "change_user"}}, {"model": "auth.permission", "pk": 12, "fields": {"name": "Can delete user", "content_type": 4, "codename": "delete_user"}}, {"model": "auth.permission", "pk": 13, "fields": {"name": "Can add content type", "content_type": 5, "codename": "add_contenttype"}}, {"model": "auth.permission", "pk": 14, "fields": {"name": "Can change content type", "content_type": 5, "codename": "change_contenttype"}}, {"model": "auth.permission", "pk": 15, "fields": {"name": "Can delete content type", "content_type": 5, "codename": "delete_contenttype"}}, {"model": "auth.permission", "pk": 16, "fields": {"name": "Can add session", "content_type": 6, "codename": "add_session"}}, {"model": "auth.permission", "pk": 17, "fields": {"name": "Can change session", "content_type": 6, "codename": "change_session"}}, {"model": "auth.permission", "pk": 18, "fields": {"name": "Can delete session", "content_type": 6, "codename": "delete_session"}}, {"model": "auth.permission", "pk": 19, "fields": {"name": "Can add post", "content_type": 7, "codename": "add_post"}}, {"model": "auth.permission", "pk": 20, "fields": {"name": "Can change post", "content_type": 7, "codename": "change_post"}}, {"model": "auth.permission", "pk": 21, "fields": {"name": "Can delete post", "content_type": 7, "codename": "delete_post"}}, {"model": "auth.permission", "pk": 22, "fields": {"name": "Can add tag", "content_type": 8, "codename": "add_tag"}}, {"model": "auth.permission", "pk": 23, "fields": {"name": "Can change tag", "content_type": 8, "codename": "change_tag"}}, {"model": "auth.permission", "pk": 24, "fields": {"name": "Can delete tag", "content_type": 8, "codename": "delete_tag"}}, {"model": "auth.user", "pk": 1, "fields": {"password": "pbkdf2_sha256$36000$VXlQLbUlJU3S$v3HmeT9dRq+SbRK4hP2Gy7cRO6iOGxxjk4G0yQReU3g=", "last_login": "2019-11-10T07:27:15.429Z", "is_superuser": true, "username": "ded", "first_name": "", "last_name": "", "email": "dimdiden@gmail.com", "is_staff": true, "is_active": true, "date_joined": "2017-05-26T12:39:29.149Z", "groups": [], "user_permissions": []}}, {"model": "auth.user", "pk": 2, "fields": {"password": "pbkdf2_sha256$36000$teFjKX5udOj3$41+Pu99f5rHlJhaAKk4yUvIFc4p6gTc9p8FFxPCbM6U=", "last_login": null, "is_superuser": false, "username": "veck2rum", "first_name": "", "last_name": "", "email": "veck2rum@gmail.com", "is_staff": false, "is_active": true, "date_joined": "2017-05-26T18:56:22.173Z", "groups": [], "user_permissions": []}}, {"model": "auth.user", "pk": 10, "fields": {"password": "pbkdf2_sha256$36000$y5Ic8KOPBPkC$rn//RgyRm06wOoYF5oIXWpTTpS52qOIkWf5U67+VARg=", "last_login": null, "is_superuser": false, "username": "stagir", "first_name": "", "last_name": "", "email": "stagir@portaone.com", "is_staff": false, "is_active": true, "date_joined": "2017-09-03T19:24:06.163Z", "groups": [], "user_permissions": []}}, {"model": "auth.user", "pk": 11, "fields": {"password": "pbkdf2_sha256$36000$vyiKoge4fE1M$yTK9P9WpAAaCRpq+SkIqK+8hSEChLZ0qHeum2LdA+nI=", "last_login": null, "is_superuser": false, "username": "Raymondnal", "first_name": "", "last_name": "", "email": "zhofyarnfk8a@mail.ru", "is_staff": false, "is_active": true, "date_joined": "2019-03-07T21:56:30.717Z", "groups": [], "user_permissions": []}}, {"model": "auth.user", "pk": 12, "fields": {"password": "pbkdf2_sha256$36000$oyIwZ0Gqfv9I$PYyueKfqsUh38kfhgD9Yf18JiwsUt5g92jjf4PCycyk=", "last_login": null, "is_superuser": false, "username": "testuser", "first_name": "", "last_name": "", "email": "testuser@gmail.com", "is_staff": false, "is_active": true, "date_joined": "2019-04-04T10:23:37.036Z", "groups": [], "user_permissions": []}}, {"model": "auth.user", "pk": 13, "fields": {"password": "pbkdf2_sha256$36000$KG4u1nuNBDMc$n5YaiwkADSCP0aUVt2iWVWWZvAKvRwJfdkBJGuEEKXk=", "last_login": null, "is_superuser": false, "username": "Leupoldjzp", "first_name": "", "last_name": "", "email": "support@vdsina.ru", "is_staff": false, "is_active": true, "date_joined": "2019-05-06T19:44:04.192Z", "groups": [], "user_permissions": []}}, {"model": "auth.user", "pk": 14, "fields": {"password": "pbkdf2_sha256$36000$ETXrxowAw34O$LPy+fWHNU9DuEQ2LK60Rj0Xmy/1g0x3S5psv39Vx75M=", "last_login": null, "is_superuser": false, "username": "Xenfonia", "first_name": "", "last_name": "", "email": "4e7dfdg@yandex.com", "is_staff": false, "is_active": true, "date_joined": "2019-05-07T11:53:09.453Z", "groups": [], "user_permissions": []}}, {"model": "auth.user", "pk": 15, "fields": {"password": "pbkdf2_sha256$36000$gEp7r4qhxeAH$HWE5ZzbL9kHkY0RX1xzPUJW2HT2etAvL2uslJ8OsAtY=", "last_login": null, "is_superuser": false, "username": "Bluetoothxws", "first_name": "", "last_name": "", "email": "bill@vdsina.ru", "is_staff": false, "is_active": true, "date_joined": "2019-05-08T05:16:02.565Z", "groups": [], "user_permissions": []}}, {"model": "auth.user", "pk": 16, "fields": {"password": "pbkdf2_sha256$36000$j2T1EA5P0VUx$GcjjKpIzIbRg0iP/vDh9sKmnh+jYfbObFDqMXPPm1T0=", "last_login": null, "is_superuser": false, "username": "Yamahafkl", "first_name": "", "last_name": "", "email": "director@mchost.ru", "is_staff": false, "is_active": true, "date_joined": "2019-05-10T20:34:20.397Z", "groups": [], "user_permissions": []}}, {"model": "auth.user", "pk": 17, "fields": {"password": "pbkdf2_sha256$36000$GFdhJkL8aayF$BrgrzXQTp9wrxL0LlgEJYnf1hXGMlhKaRcQ7W3b6fj8=", "last_login": null, "is_superuser": false, "username": "Amazonnnwym", "first_name": "", "last_name": "", "email": "bill@vdsina.ru", "is_staff": false, "is_active": true, "date_joined": "2019-05-12T06:08:32.671Z", "groups": [], "user_permissions": []}}, {"model": "auth.user", "pk": 18, "fields": {"password": "pbkdf2_sha256$36000$21lwifkjxU5c$2nuTrOd76j91v7Y+cLO5jbuorKAukxfygSxdoSJks8k=", "last_login": null, "is_superuser": false, "username": "Scannerbzd", "first_name": "", "last_name": "", "email": "support@vdsina.ru", "is_staff": false, "is_active": true, "date_joined": "2019-05-19T07:16:13.502Z", "groups": [], "user_permissions": []}}, {"model": "auth.user", "pk": 19, "fields": {"password": "pbkdf2_sha256$36000$T0WNMLDloNjf$eCiMwxA+n20yPKTNozOq/xdw8YmuiNDlh9mjVMeVZCY=", "last_login": null, "is_superuser": false, "username": "Arnottpzy", "first_name": "", "last_name": "", "email": "dolatp.patel@yahoo.com", "is_staff": false, "is_active": true, "date_joined": "2019-05-23T14:45:29.310Z", "groups": [], "user_permissions": []}}, {"model": "auth.user", "pk": 20, "fields": {"password": "pbkdf2_sha256$36000$20ybomDnKwEl$o4vx6cwEB6pAKyAOzIiyx4Mw5lf2U0Av8EDVZAQPBxg=", "last_login": null, "is_superuser": false, "username": "Foamkqm", "first_name": "", "last_name": "", "email": "support@vdsina.ru", "is_staff": false, "is_active": true, "date_joined": "2019-05-25T17:14:30.986Z", "groups": [], "user_permissions": []}}, {"model": "auth.user", "pk": 21, "fields": {"password": "pbkdf2_sha256$36000$Gb5vDx5fd77T$fUr79H16CEaBh7wNweXPCtOb87dzLuG8S2jK36gdXZU=", "last_login": null, "is_superuser": false, "username": "Fortressugo", "first_name": "", "last_name": "", "email": "deedrumgo@yahoo.com", "is_staff": false, "is_active": true, "date_joined": "2019-05-26T18:32:39.214Z", "groups": [], "user_permissions": []}}, {"model": "auth.user", "pk": 22, "fields": {"password": "pbkdf2_sha256$36000$JUSfso5EPasK$SbarhsHosVwEG60/cQahiZlL46usPuMTHP7W5E7IgPc=", "last_login": null, "is_superuser": false, "username": "Interfacebir", "first_name": "", "last_name": "", "email": "mkowalick@liftex.com", "is_staff": false, "is_active": true, "date_joined": "2019-05-26T22:16:56.195Z", "groups": [], "user_permissions": []}}, {"model": "auth.user", "pk": 23, "fields": {"password": "pbkdf2_sha256$36000$jhJYC2YtIeHp$Jat/R2GquWnRspItqPC/fzmkWDzG2+8hJPbOl2iuJVA=", "last_login": null, "is_superuser": false, "username": "Holographicsbx", "first_name": "", "last_name": "", "email": "twturner5@yahoo.com", "is_staff": false, "is_active": true, "date_joined": "2019-05-28T15:18:49.273Z", "groups": [], "user_permissions": []}}, {"model": "auth.user", "pk": 24, "fields": {"password": "pbkdf2_sha256$36000$Bgc1RS23pGcN$Lnm9xQGnbIJxXlxPYSd2Ng1qa7xpSVgwpjckl6toJrI=", "last_login": null, "is_superuser": false, "username": "Amazonnnuac", "first_name": "", "last_name": "", "email": "twturner5@yahoo.com", "is_staff": false, "is_active": true, "date_joined": "2019-05-28T16:18:42.713Z", "groups": [], "user_permissions": []}}, {"model": "auth.user", "pk": 25, "fields": {"password": "pbkdf2_sha256$36000$GVseG9Oflslu$VtRgyyGhZvNOAswx2LbZ0nI8cW9zgoNr1CndQHIhWR4=", "last_login": null, "is_superuser": false, "username": "Universaltsx", "first_name": "", "last_name": "", "email": "director@vdsina.ru", "is_staff": false, "is_active": true, "date_joined": "2019-05-29T00:56:16.295Z", "groups": [], "user_permissions": []}}, {"model": "auth.user", "pk": 26, "fields": {"password": "pbkdf2_sha256$36000$rTWAbEsL48Wo$8fDqDhOoTyI9QAJSIXUDgVLMYdN2IyphlX8l44uoi6w=", "last_login": null, "is_superuser": false, "username": "Carpetwut", "first_name": "", "last_name": "", "email": "bsimmons6287@gmail.com", "is_staff": false, "is_active": true, "date_joined": "2019-06-01T15:59:43.161Z", "groups": [], "user_permissions": []}}, {"model": "auth.user", "pk": 27, "fields": {"password": "pbkdf2_sha256$36000$BC3psN5tddER$HjxyHDxa27G9LVfheKPm+UQmcpkYMOPa+Hfq9AdX+gk=", "last_login": null, "is_superuser": false, "username": "Mojavepbd", "first_name": "", "last_name": "", "email": "jweaver@nfhs.org", "is_staff": false, "is_active": true, "date_joined": "2019-06-02T13:26:44.539Z", "groups": [], "user_permissions": []}}, {"model": "auth.user", "pk": 28, "fields": {"password": "pbkdf2_sha256$36000$aCU1MAf2iQ4b$Jz6OMQfwBgZKo+pJgT6e9E5BCvFY4GhcVodQqGYyX1w=", "last_login": null, "is_superuser": false, "username": "Augustztw", "first_name": "", "last_name": "", "email": "viefloodamil@yahoo.com", "is_staff": false, "is_active": true, "date_joined": "2019-06-07T00:15:18.406Z", "groups": [], "user_permissions": []}}, {"model": "auth.user", "pk": 29, "fields": {"password": "pbkdf2_sha256$36000$yxeJ26HwMq5Q$VZU3HpugnDRazysOMf38nYpeRaoVrfiUy6WaljBMq+w=", "last_login": null, "is_superuser": false, "username": "KitchenAidwwz", "first_name": "", "last_name": "", "email": "bestmann6262@aol.com", "is_staff": false, "is_active": true, "date_joined": "2019-06-07T07:49:04.755Z", "groups": [], "user_permissions": []}}, {"model": "auth.user", "pk": 30, "fields": {"password": "pbkdf2_sha256$36000$sOmlJqi97e5m$VJU4wx+lyaQSiBk/otSvQVkXLxGPkUckTBqhbCIHLmc=", "last_login": null, "is_superuser": false, "username": "Holographicfvr", "first_name": "", "last_name": "", "email": "cribintire@yahoo.com", "is_staff": false, "is_active": true, "date_joined": "2019-06-11T20:04:57.912Z", "groups": [], "user_permissions": []}}, {"model": "auth.user", "pk": 31, "fields": {"password": "pbkdf2_sha256$36000$24BgxJn94D4d$rCBQ8dS3L84JCVACxi1XthBwrxIno5pEECoumXOfZUM=", "last_login": null, "is_superuser": false, "username": "Rigidlxd", "first_name": "", "last_name": "", "email": "beltonbernadette@hotmail.com", "is_staff": false, "is_active": true, "date_joined": "2019-06-12T08:53:45.748Z", "groups": [], "user_permissions": []}}, {"model": "auth.user", "pk": 32, "fields": {"password": "pbkdf2_sha256$36000$3rH9Y6OEyXbX$6kyCxGnrM07vYUZ9ldhUPQnbE2j6K6LTSihhGGHYDp0=", "last_login": null, "is_superuser": false, "username": "Wirelesswnk", "first_name": "", "last_name": "", "email": "beltonbernadette@hotmail.com", "is_staff": false, "is_active": true, "date_joined": "2019-06-12T10:34:56.107Z", "groups": [], "user_permissions": []}}, {"model": "auth.user", "pk": 33, "fields": {"password": "pbkdf2_sha256$36000$AHBtd5lzG8Nv$I7ESxPsNC2V4Ih/Fxx3QliDFre1w5NlI+nzCPv8xPKw=", "last_login": null, "is_superuser": false, "username": "Holographicjrj", "first_name": "", "last_name": "", "email": "tisandproxun@gmail.com", "is_staff": false, "is_active": true, "date_joined": "2019-07-03T16:31:24.491Z", "groups": [], "user_permissions": []}}, {"model": "auth.user", "pk": 34, "fields": {"password": "pbkdf2_sha256$36000$iNZRIQ5WnoZm$T0FUnnderoN8/OHofxDs2YAtcq5qWbEVnEuKcEFMKaA=", "last_login": null, "is_superuser": false, "username": "Artisantll", "first_name": "", "last_name": "", "email": "dlintamuge@mail.com", "is_staff": false, "is_active": true, "date_joined": "2019-07-04T17:27:42.897Z", "groups": [], "user_permissions": []}}, {"model": "auth.user", "pk": 35, "fields": {"password": "pbkdf2_sha256$36000$iy78UKHiVJhu$o06QWCx+orAY8BKoM2iKGNJps82QBpvu0AkYLCp/4HM=", "last_login": null, "is_superuser": false, "username": "Infraredlrx", "first_name": "", "last_name": "", "email": "viesersorilp@gmail.com", "is_staff": false, "is_active": true, "date_joined": "2019-07-06T11:22:09.933Z", "groups": [], "user_permissions": []}}, {"model": "auth.user", "pk": 36, "fields": {"password": "pbkdf2_sha256$36000$HRmL4p7KZi8z$UuajdZv+M1bKf6LMfOutdyGs16IKPM14Hia6khrJE0I=", "last_login": null, "is_superuser": false, "username": "Rachiomcv", "first_name": "", "last_name": "", "email": "jonathan9fst@yahoo.com", "is_staff": false, "is_active": true, "date_joined": "2019-07-07T15:26:31.516Z", "groups": [], "user_permissions": []}}, {"model": "auth.user", "pk": 37, "fields": {"password": "pbkdf2_sha256$36000$TO6KgbrCO2A0$cG99Mj27hcyD6CG2jWvoHJoWzOKxBaxht6Q5br2WZ9I=", "last_login": null, "is_superuser": false, "username": "Rachioxwp", "first_name": "", "last_name": "", "email": "lauren.hawkins613@outlook.com", "is_staff": false, "is_active": true, "date_joined": "2019-07-12T15:23:20.774Z", "groups": [], "user_permissions": []}}, {"model": "auth.user", "pk": 38, "fields": {"password": "pbkdf2_sha256$36000$CTKdBbkCiVdR$LAWDuwsaQ/EOtNq0USqYBx1fnL/epPjrPzz8SIaiFtM=", "last_login": null, "is_superuser": false, "username": "Garminztsb", "first_name": "", "last_name": "", "email": "gilly@hotmail.com", "is_staff": false, "is_active": true, "date_joined": "2019-07-17T03:48:41.153Z", "groups": [], "user_permissions": []}}, {"model": "auth.user", "pk": 39, "fields": {"password": "pbkdf2_sha256$36000$Q5JAjCrprRfY$5eLPBCWtmq8ygrhLHdWTzAFMgHalrA46/k96M12AtT8=", "last_login": null, "is_superuser": false, "username": "Mojavegrz", "first_name": "", "last_name": "", "email": "kmothersel@aol.com", "is_staff": false, "is_active": true, "date_joined": "2019-08-05T03:05:59.681Z", "groups": [], "user_permissions": []}}, {"model": "auth.user", "pk": 40, "fields": {"password": "pbkdf2_sha256$36000$bQCFwLSVQo4F$X8mnmWHjXwUmTsCSxSwVSCu1Y1sv9MZg81sAw4Yka1s=", "last_login": null, "is_superuser": false, "username": "Squierepi", "first_name": "", "last_name": "", "email": "kmothersel@aol.com", "is_staff": false, "is_active": true, "date_joined": "2019-08-05T20:41:44.467Z", "groups": [], "user_permissions": []}}, {"model": "auth.user", "pk": 41, "fields": {"password": "pbkdf2_sha256$36000$PO6Op0c6AHpT$X1LmKwcG7LELvZvDtn0FTPduCDsfHl8oHp2bqUbk/Vg=", "last_login": null, "is_superuser": false, "username": "Plasticygb", "first_name": "", "last_name": "", "email": "erleistette@gmail.com", "is_staff": false, "is_active": true, "date_joined": "2019-08-13T13:39:18.715Z", "groups": [], "user_permissions": []}}, {"model": "auth.user", "pk": 42, "fields": {"password": "pbkdf2_sha256$36000$0LYPrkMQF67o$WaRJcgGeHtJYKDQOkA3Q/7GY7HEYQdqws9I7e+p/bKc=", "last_login": null, "is_superuser": false, "username": "Carpetfaa", "first_name": "", "last_name": "", "email": "otuma@martinallbee.com", "is_staff": false, "is_active": true, "date_joined": "2019-08-15T05:10:28.537Z", "groups": [], "user_permissions": []}}, {"model": "auth.user", "pk": 43, "fields": {"password": "pbkdf2_sha256$36000$7atW7Q1zy74f$OJdXwONcXeJxBblFeR5liCzVVfMVV08JZFse3zWn0mo=", "last_login": null, "is_superuser": false, "username": "Artisandgn", "first_name": "", "last_name": "", "email": "gidisote@yahoo.com", "is_staff": false, "is_active": true, "date_joined": "2019-08-15T16:56:59.385Z", "groups": [], "user_permissions": []}}, {"model": "auth.user", "pk": 44, "fields": {"password": "pbkdf2_sha256$36000$jCRcI0kWxzFH$SzxhMi8LscopaGJ3OJn3ELZikyVeX9aPh508xsGf/bg=", "last_login": null, "is_superuser": false, "username": "Blenderzbd", "first_name": "", "last_name": "", "email": "arnold.gale@yahoo.com", "is_staff": false, "is_active": true, "date_joined": "2019-08-15T23:19:54.756Z", "groups": [], "user_permissions": []}}, {"model": "auth.user", "pk": 45, "fields": {"password": "pbkdf2_sha256$36000$WLMR7cvN5UFO$Jo1ublehrSCT9J3IToyVjaBS6mBepNjgfHiw+3pRmts=", "last_login": null, "is_superuser": false, "username": "Plasticesv", "first_name": "", "last_name": "", "email": "socrocosum@yahoo.com", "is_staff": false, "is_active": true, "date_joined": "2019-08-20T21:08:45.173Z", "groups": [], "user_permissions": []}}, {"model": "auth.user", "pk": 46, "fields": {"password": "pbkdf2_sha256$36000$wHzt8ZrqCtJM$xJ5jLzvajR5sDdLTuhP6pFunjMnJE4GnTRy9b2piIj0=", "last_login": null, "is_superuser": false, "username": "Haywardeom", "first_name": "", "last_name": "", "email": "neilengkhosi@gmail.com", "is_staff": false, "is_active": true, "date_joined": "2019-08-22T20:24:23.933Z", "groups": [], "user_permissions": []}}, {"model": "auth.user", "pk": 47, "fields": {"password": "pbkdf2_sha256$36000$7YNutrCc7Uo9$GXzXUA/YUJPTPGp9BoGdmRAmgK0Xh0uATDo2T+TS3Ls=", "last_login": null, "is_superuser": false, "username": "Ascentpdl", "first_name": "", "last_name": "", "email": "florlorenzo@hotmail.com", "is_staff": false, "is_active": true, "date_joined": "2019-08-23T02:49:02.586Z", "groups": [], "user_permissions": []}}, {"model": "auth.user", "pk": 48, "fields": {"password": "pbkdf2_sha256$36000$Z5BP2Qg7mriJ$o1sy5lWzxNXE/wcVuU4P4m2UC/yf5l5xi/K5wBNFVR4=", "last_login": null, "is_superuser": false, "username": "Flexiblench", "first_name": "", "last_name": "", "email": "florlorenzo@hotmail.com", "is_staff": false, "is_active": true, "date_joined": "2019-08-23T05:15:03.167Z", "groups": [], "user_permissions": []}}, {"model": "auth.user", "pk": 49, "fields": {"password": "pbkdf2_sha256$36000$ksWON2Gy6eX1$baDlj6KIKzgXt2iYnZ4iL6AWXWTIW2925mMs4UEjUIM=", "last_login": null, "is_superuser": false, "username": "Blenderbtx", "first_name": "", "last_name": "", "email": "cljohansen@verizon.net", "is_staff": false, "is_active": true, "date_joined": "2019-08-23T16:24:20.443Z", "groups": [], "user_permissions": []}}, {"model": "auth.user", "pk": 50, "fields": {"password": "pbkdf2_sha256$36000$2haYUYzRCuTD$2RvQx4J3JJAk3Mq7uL9NmWjnHJmtBsNl/2tgWra3UsM=", "last_login": null, "is_superuser": false, "username": "Speakerprj", "first_name": "", "last_name": "", "email": "kasperbach50@hotmail.com", "is_staff": false, "is_active": true, "date_joined": "2019-08-25T00:17:35.703Z", "groups": [], "user_permissions": []}}, {"model": "auth.user", "pk": 51, "fields": {"password": "pbkdf2_sha256$36000$AVzM4GhdWoon$6icgvTcU8mDDsgC4WbzUG82RfVuDTlFX+7ZYZqlKlSU=", "last_login": null, "is_superuser": false, "username": "Sightiyi", "first_name": "", "last_name": "", "email": "ap@screentight.com", "is_staff": false, "is_active": true, "date_joined": "2019-08-27T21:52:25.688Z", "groups": [], "user_permissions": []}}, {"model": "auth.user", "pk": 52, "fields": {"password": "pbkdf2_sha256$36000$vqyFupNJ0dVJ$hRExkLHNigqPRTJN4C8D4eNzj3Mx40C4Vc8SFUf/HP4=", "last_login": null, "is_superuser": false, "username": "Blendervsf", "first_name": "", "last_name": "", "email": "lupita1992@aol.com", "is_staff": false, "is_active": true, "date_joined": "2019-08-28T03:24:44.679Z", "groups": [], "user_permissions": []}}, {"model": "auth.user", "pk": 53, "fields": {"password": "pbkdf2_sha256$36000$ERTYi1XIb1ch$MNLdWuahp0TlYK5BV6ToOGhe0Mf8ugZvnIQpzqmw1RE=", "last_login": null, "is_superuser": false, "username": "Foamebq", "first_name": "", "last_name": "", "email": "mallory8nicole@aol.com", "is_staff": false, "is_active": true, "date_joined": "2019-08-28T06:07:59.430Z", "groups": [], "user_permissions": []}}, {"model": "auth.user", "pk": 54, "fields": {"password": "pbkdf2_sha256$36000$4T196M4DNCyk$hZSGDFAzjyT+NsOUezD6ZXM5Z5ASfZzw2tmxfpK9d9M=", "last_login": null, "is_superuser": false, "username": "Backlittcy", "first_name": "", "last_name": "", "email": "jbarrett@oxfordcommunications.com", "is_staff": false, "is_active": true, "date_joined": "2019-08-29T17:07:39.903Z", "groups": [], "user_permissions": []}}, {"model": "auth.user", "pk": 55, "fields": {"password": "pbkdf2_sha256$36000$KLNFhjCGw2Kg$Tw10+acF12r9Qngab1vdW8/2uLwr2UXt3i/uXITXDXY=", "last_login": null, "is_superuser": false, "username": "iAquaLinkhwx", "first_name": "", "last_name": "", "email": "erik@hgdlawfirm.com", "is_staff": false, "is_active": true, "date_joined": "2019-09-02T19:42:15.771Z", "groups": [], "user_permissions": []}}, {"model": "auth.user", "pk": 56, "fields": {"password": "pbkdf2_sha256$36000$ndCQAz2hpj3J$EaE2mmrBfBQIkAFHKKi4MAs2AjcEJVVtfRt2mGOZBtA=", "last_login": null, "is_superuser": false, "username": "Batteriesvql", "first_name": "", "last_name": "", "email": "aovercash@prismlabs.com", "is_staff": false, "is_active": true, "date_joined": "2019-09-02T19:42:28.769Z", "groups": [], "user_permissions": []}}, {"model": "auth.user", "pk": 57, "fields": {"password": "pbkdf2_sha256$36000$PTlcy4aaMIjw$F19M6nQONl9snAI+eOvHVTnxc4tLIAn/aqn8gCyTXFY=", "last_login": null, "is_superuser": false, "username": "Carpetjwl", "first_name": "", "last_name": "", "email": "smjustice@outlook.com", "is_staff": false, "is_active": true, "date_joined": "2019-09-02T20:43:38.069Z", "groups": [], "user_permissions": []}}, {"model": "auth.user", "pk": 58, "fields": {"password": "pbkdf2_sha256$36000$9yFbHzlG6YFk$iZF7oacHY1jQwpCPTemPDf4j1gNOJsTqZ8wWHHLNQek=", "last_login": null, "is_superuser": false, "username": "Haywarddjb", "first_name": "", "last_name": "", "email": "indmachinery.tuli@gmail.com", "is_staff": false, "is_active": true, "date_joined": "2019-09-04T04:56:12.189Z", "groups": [], "user_permissions": []}}, {"model": "auth.user", "pk": 59, "fields": {"password": "pbkdf2_sha256$36000$ZPcUeeFSPLJQ$rOXX6lqF1x5TjM36hvLAqQR99P8qPgyGQ5m4TNf0uqQ=", "last_login": null, "is_superuser": false, "username": "Sightqrs", "first_name": "", "last_name": "", "email": "mythaieye@gmail.com", "is_staff": false, "is_active": true, "date_joined": "2019-09-05T09:48:16.346Z", "groups": [], "user_permissions": []}}, {"model": "auth.user", "pk": 60, "fields": {"password": "pbkdf2_sha256$36000$g0a8W3CaT7ST$T6Ghfe99Saus2W2bwl7aLXE9I9hOHADA7/KPIF3ODVA=", "last_login": null, "is_superuser": false, "username": "Artisangjm", "first_name": "", "last_name": "", "email": "ysankepally@yahoo.com", "is_staff": false, "is_active": true, "date_joined": "2019-09-05T13:38:31.575Z", "groups": [], "user_permissions": []}}, {"model": "auth.user", "pk": 61, "fields": {"password": "pbkdf2_sha256$36000$pZG5iRmBZhOt$WrqRnANZzB9SSC5bJzNKes2qNjxWpQtdbmNEKP1QgBg=", "last_login": null, "is_superuser": false, "username": "Candybss", "first_name": "", "last_name": "", "email": "bsmw1991@aol.com", "is_staff": false, "is_active": true, "date_joined": "2019-09-05T14:38:10.341Z", "groups": [], "user_permissions": []}}, {"model": "auth.user", "pk": 62, "fields": {"password": "pbkdf2_sha256$36000$Tb0LC8fPydYF$IRYesLQ0Uio7ZoUCN95vnWhUTq104CWc1GAgLf4CPXc=", "last_login": null, "is_superuser": false, "username": "Portablezbx", "first_name": "", "last_name": "", "email": "gperry@designstudioetc.com", "is_staff": false, "is_active": true, "date_joined": "2019-09-06T03:46:48.516Z", "groups": [], "user_permissions": []}}, {"model": "auth.user", "pk": 63, "fields": {"password": "pbkdf2_sha256$36000$opypd8DETuer$LCkjkuKFCC/F6xzPEufejbrr5U7FQZf++SRc2OG5T2k=", "last_login": null, "is_superuser": false, "username": "Backlitesj", "first_name": "", "last_name": "", "email": "gperry@designstudioetc.com", "is_staff": false, "is_active": true, "date_joined": "2019-09-06T04:10:30.764Z", "groups": [], "user_permissions": []}}, {"model": "auth.user", "pk": 64, "fields": {"password": "pbkdf2_sha256$36000$ZSY4rzrh75h4$eVSU2DuvAgi/BDQvVRelx1iIulSImBV9OSwDZVaB1xk=", "last_login": null, "is_superuser": false, "username": "Wirelesszok", "first_name": "", "last_name": "", "email": "djegpayne@juno.com", "is_staff": false, "is_active": true, "date_joined": "2019-09-06T12:24:17.846Z", "groups": [], "user_permissions": []}}, {"model": "auth.user", "pk": 65, "fields": {"password": "pbkdf2_sha256$36000$grDSxUT0t0Z2$y8L73yBOWnDsMYPQsCgJXoA/8+7Ty7Nix1AZvyzwTZM=", "last_login": null, "is_superuser": false, "username": "Furriongoa", "first_name": "", "last_name": "", "email": "aovercash@prismlabs.com", "is_staff": false, "is_active": true, "date_joined": "2019-09-06T19:17:52.854Z", "groups": [], "user_permissions": []}}, {"model": "auth.user", "pk": 66, "fields": {"password": "pbkdf2_sha256$36000$QmjYXe89fWft$19FeW0z0ZD7UBIzSnYgS7wdsFW3ZVYz+jG5AcrZZQSo=", "last_login": null, "is_superuser": false, "username": "Batteriesxxp", "first_name": "", "last_name": "", "email": "marveltool@aol.com", "is_staff": false, "is_active": true, "date_joined": "2019-09-06T22:36:49.549Z", "groups": [], "user_permissions": []}}, {"model": "auth.user", "pk": 67, "fields": {"password": "pbkdf2_sha256$36000$ptvSOwUWji7y$GD/MLpmpyg59wB7Lx0iPsqdQM0XYvWVN9c4NvBLLR3A=", "last_login": null, "is_superuser": false, "username": "Backlitmff", "first_name": "", "last_name": "", "email": "ather_ffc@hotmail.com", "is_staff": false, "is_active": true, "date_joined": "2019-09-07T22:38:39.492Z", "groups": [], "user_permissions": []}}, {"model": "auth.user", "pk": 68, "fields": {"password": "pbkdf2_sha256$36000$j1tRVnaGPLjt$s3ncDcydSMLL49Yc1wI4b9dWw88vfOuW3On5SKZPupY=", "last_login": null, "is_superuser": false, "username": "iAquaLinkngo", "first_name": "", "last_name": "", "email": "loriwacaser@cox.net", "is_staff": false, "is_active": true, "date_joined": "2019-09-08T12:35:30.147Z", "groups": [], "user_permissions": []}}, {"model": "auth.user", "pk": 69, "fields": {"password": "pbkdf2_sha256$36000$GAxqP9XhmcQT$/wsC4tdg3ZERdX4KkdWWcYnFWMeXLhvxDHNoPphK0ro=", "last_login": null, "is_superuser": false, "username": "Edelbrockwkx", "first_name": "", "last_name": "", "email": "ciacabarre@mail.com", "is_staff": false, "is_active": true, "date_joined": "2019-09-09T19:30:02.774Z", "groups": [], "user_permissions": []}}, {"model": "auth.user", "pk": 70, "fields": {"password": "pbkdf2_sha256$36000$0SYDpx35m583$wxZ3AL7cxwI8MpQxo/4HHsEsYqX9kZB/El0GH5NIVsg=", "last_login": null, "is_superuser": false, "username": "Vitamixmqx", "first_name": "", "last_name": "", "email": "vcagwin@flowrightphi.com", "is_staff": false, "is_active": true, "date_joined": "2019-09-10T03:11:03.228Z", "groups": [], "user_permissions": []}}, {"model": "auth.user", "pk": 71, "fields": {"password": "pbkdf2_sha256$36000$AWJEdfcHkWcd$WnyKquRaB3QVigPR/4BJo0koAIPyWF1TMPdy5DYrdU0=", "last_login": null, "is_superuser": false, "username": "Garminzggc", "first_name": "", "last_name": "", "email": "jredwards@cox.net", "is_staff": false, "is_active": true, "date_joined": "2019-09-10T10:05:56.378Z", "groups": [], "user_permissions": []}}, {"model": "auth.user", "pk": 72, "fields": {"password": "pbkdf2_sha256$36000$XRCyfxVvb36p$iFAGeMc0gtbd7E1lEj0ICbjCqmSqjyd+MkoKF8N9Jg0=", "last_login": null, "is_superuser": false, "username": "VansenoRZ", "first_name": "", "last_name": "", "email": "valerasomov80@mail.ru", "is_staff": false, "is_active": true, "date_joined": "2019-09-11T04:02:47.448Z", "groups": [], "user_permissions": []}}, {"model": "posts.post", "pk": 1, "fields": {"user": 1, "title": "Copy tables into csv", "body": "select * from Accounts INTO OUTFILE '/tmp/Accounts_slave.csv' FIELDS TERMINATED BY ',' ENCLOSED BY '\"' LINES TERMINATED BY '\\n';\r\nLOAD DATA INFILE '/update_root/home/porta-one/UA_Types.csv' INTO TABLE UA_Types FIELDS TERMINATED BY ',' ENCLOSED BY '\"' LINES TERMINATED BY '\\n';", "tag": [2]}}, {"model": "posts.post", "pk": 2, "fields": {"user": 1, "title": "change master", "body": "CHANGE MASTER TO MASTER_HOST = 'porta-db-standby', MASTER_USER = 'porta-repl', MASTER_PASSWORD = 'porta-repl', MASTER_PORT = 3306, MASTER_CONNECT_RETRY = 60, MASTER_LOG_FILE = 'mysql-bin.002895', MASTER_LOG_POS = 14935115", "tag": [2]}}, {"model": "posts.post", "pk": 3, "fields": {"user": 1, "title": "\u0412\u044b\u0432\u0435\u0441\u0442\u0438 \u0434\u0438\u0441\u043a \u0438\u0437 \u0433\u0440\u0443\u043f\u043f\u044b", "body": "sudo megacli -PDOffline -PhysDrv [32:2] -a0\r\nsudo megacli -PDMarkMissing -PhysDrv [32:2] -a0\r\nsudo megacli -PDPrpRmv -PhysDrv [32:2] -a0", "tag": [3]}}, {"model": "posts.post", "pk": 4, "fields": {"user": 1, "title": "Look at the swap content", "body": "SUM=0; for PID in `sudo ps auxww |sort -g -k6 |tail -20 | awk {'print $2'}`; do PROGNAME=`ps -p $PID -o comm --no-headers`; for SWAP in `sudo grep Swap /proc/$PID/smaps 2>/dev/null| awk '{ print $2 }'`; do let SUM=$SUM+$SWAP; done; let SUM=$SUM/1024; if [ $SUM -ne 0 ]; then echo \"PID= $PID - SwapUsed= $SUM - PROCESS= $PROGNAME\"; fi; done | sort -g -k5", "tag": [5, 6]}}, {"model": "posts.post", "pk": 5, "fields": {"user": 1, "title": "\u041d\u0430\u0441\u0442\u0440\u043e\u0439\u043a\u0430", "body": "cat /proc/sys/vm/swappiness\r\nsudo sysctl vm.swappiness=20", "tag": [5, 6]}}, {"model": "posts.post", "pk": 6, "fields": {"user": 1, "title": "\u0412\u044b\u0433\u0440\u0443\u0437\u043a\u0430", "body": "sudo ionice -c3 sudo swapoff -a&& sudo swapon -a", "tag": [5, 6]}}, {"model": "posts.post", "pk": 7, "fields": {"user": 1, "title": "Update", "body": "sudo ntpdate -u pool.ntp.org - \u0442\u043e\u043b\u044c\u043a\u043e \u0434\u043b\u044f \u044d\u0442\u043e\u0433\u043e \u0445\u043e\u0441\u0442\u0430\r\nsudo ntpdate -d -u pool.ntp.org - \u0434\u043b\u044f \u0432\u0441\u0435\u0445 \u043a\u0440\u043e\u043c\u0435 \u044d\u0442\u043e\u0433\u043e \u0445\u043e\u0441\u0442\u0430", "tag": [7, 8]}}, {"model": "posts.post", "pk": 8, "fields": {"user": 1, "title": "Extend RAID and LVM", "body": "> sudo megacli -LDInfo -Lall -aALL # Virtual drive information\r\n> sudo megacli -PDlist -a0 |grep -A1 \"Enclosure Device\" # particular drives\r\n> sudo megacli -CfgLdAdd -r1 [8:4,8:5] -a0 # create new VD\r\n# https://8kb.co.uk/blog/tag/configure-adapter-failed/ # in case it fails\r\n\r\n> sudo pvcreate /dev/sdc\r\n> sudo vgextend VolGroup00 /dev/sdc \r\n> sudo lvextend -l +100%FREE /dev/VolGroup00/LogVol02\r\n> sudo resize2fs /dev/VolGroup00/LogVol02\r\n\r\n> sudo pvs -v --segments #??", "tag": [9, 21]}}, {"model": "posts.post", "pk": 9, "fields": {"user": 1, "title": "Exim commands", "body": "> exim -bt porta-one\r\n\r\nQueue:\r\n> sudo exim -bp | grep -oP \"K \\K\\S+\"\r\n\r\nShow reasons:\r\n> for i in $(sudo exim -bp | grep -oP \"K \\K\\S+\"); do sudo exim -Mvl $i; done\r\n\r\nUnfold:\r\n> for i in $(sudo exim -bp | grep -oP \"K \\K\\S+\"); do sudo exim -Mvb $i >> /porta_var/tmp/mail.log; done\r\n\r\nSend\r\n> sudo exipick -i | xargs sudo exim -M\r\n\r\nErase\r\n> sudo exipick -i | xargs sudo exim -Mrm", "tag": [10, 11]}}, {"model": "posts.post", "pk": 10, "fields": {"user": 1, "title": "routing based on source IP address", "body": "less /etc/rc.local\r\nless /home/porta-one/ip_route_add_web_pure_ip.sh\r\nip route show table T1\r\nip route show table main\r\nip rule show\r\nless /etc/iproute2/rt_tables\r\nhttps://rt.portaone.com/Ticket/Display.html?id=512363", "tag": [12]}}, {"model": "posts.post", "pk": 11, "fields": {"user": 1, "title": "convert crt to pem", "body": "openssl x509 -in softcall.me.crt -out domain_cert_tls.softcall.me.pem -outform PEM", "tag": [13]}}, {"model": "posts.post", "pk": 12, "fields": {"user": 1, "title": "Add local monitor", "body": "/etc/sysconfig/porta-monitor\r\nLOCAL=1", "tag": [14, 15]}}, {"model": "posts.post", "pk": 13, "fields": {"user": 1, "title": "ARP issue", "body": "sudo tcpdump -i em2 -n -vvvv -tttt -e -X 'proto \\icmp'\r\nsudo tcpdump -i any -n -vvvv -tttt -e -X ' arp' | grep \"who-has 203.153.165.114\"\r\nsudo arping -I em1 -b -c 1 203.153.165.114 \r\nsudo sysctl -w net.ipv4.conf.all.arp_announce=2\r\nsudo sysctl -w net.ipv4.conf.all.arp_filter=1\r\nsudo sysctl -w net.ipv4.conf.all.arp_ignore=1", "tag": [12, 16, 17]}}, {"model": "posts.post", "pk": 14, "fields": {"user": 1, "title": "Extract logs from elastic", "body": "sudo logs-extractor.pl --date_from=\"2016-09-11T06:04:00\" --date_to=\"2016-09-11T06:10:00\" > ~/06_04--06_10sip.log", "tag": [18, 19]}}, {"model": "posts.post", "pk": 15, "fields": {"user": 1, "title": "Reboot", "body": "echo 1 > /proc/sys/kernel/sysrq && echo b > /proc/sysrq-trigger", "tag": [20]}}, {"model": "posts.post", "pk": 16, "fields": {"user": 1, "title": "Kill query directly in mysql", "body": "mysql -uroot porta-billing -e 'kill query 1861406';", "tag": [2]}}, {"model": "posts.post", "pk": 17, "fields": {"user": 1, "title": "Working with bit flags", "body": "> select i_account from Accounts where porta_utils__get_sf_flag_by_name(service_flags, 'Accounts', 'netaccess_sessions') = 'N' INTO OUTFILE '/tmp/Accounts.csv' LINES TERMINATED BY ',';\r\n\r\n> mysql -u root porta-billing -e 'UPDATE Accounts SET service_flags = porta_utils__set_sf_flag_by_name(service_flags, 'Accounts', 'netaccess_sessions', '~') WHERE i_account in ($(cat /tmp/Accounts.csv));'", "tag": [2]}}, {"model": "posts.post", "pk": 21, "fields": {"user": 1, "title": "Refeed tips", "body": "Remove CDRs:\r\nrollback_done = 0 \r\nskip_commit = 1\r\n\r\nTest refeed:\r\nrollback_done = 1\r\nskip_commit = 1\r\n\r\nProduction refeed:\r\nrollback_done = 0 \r\nskip_commit = 0", "tag": [22]}}, {"model": "posts.post", "pk": 23, "fields": {"user": 1, "title": "\u0417\u0430\u043f\u0440\u043e\u0441\u044b REST", "body": "> curl -k https://csc.dbsl-online.com:443/rest/Session/login/ -d params='{\"login\":\"portaone.com\",\"password\":\"s619ia\"}'\r\n> curl -k https://csc.dbsl-online.com:443/rest/CallControl/get_sip_calls_list/ -d auth_info='{\"session_id\":\"83393377fba5c84782ebb205a7b38907\"}' -d params='{\"i_customer\":\"1\"}'\r\n\r\n> curl -k https://130.117.169.188:443/rest/Currency/get_currency_list  -d auth_info=' {\"login\":\"porta-support\",\"password\":\"k7TDsd4NwbQ6n9fL\"}' -d params='{\"offset\":10}'\r\n\r\n> curl -k -X POST https://porta-billing-web:443/rest/Customer/make_transaction/ -H 'Content-Type: application/x-www-form-urlencoded' -d auth_info='{\"login\":\"soap-root\",\"password\":\"dummy\"}' -d params='{\"i_customer\":\"54612\",\"action\":\"Manual payment\",\"amount\":\"20\"}'", "tag": [23, 24]}}, {"model": "posts.post", "pk": 24, "fields": {"user": 1, "title": "Check nagios stats", "body": "> grep -r \"NETIF CRITICAL\" /var/spool/nagios/archives/ | sort --reverse | awk -F':' '{ print $1 \" --  \"$4 }'\r\n> grep -r \"swap_usage\" /var/spool/nagios/archives/ | egrep \"03-.*-2017\" | sort --reverse | sed -r 's/^.*(nagios.*log).*(swap_usage [0-9]+M).*$/\\1\\t\\2/'\r\n---\r\n---\r\n> grep -r \"rest memory usage is too high\" /var/spool/nagios/archives/ | egrep \"05-.*-2017\" | sort --reverse | sed -r 's/^.*(nagios.*log).*(rest memory usage is too high \\([0-9]+M\\)).*$/\\1\\t\\2/' | awk '{print $1\" \"$8}' | sed 's/[()M]//g'> report.txt\r\n\r\n> awk '{a[$1]++;b[$1]=b[$1]+$2}END{for (i in a) {print i,b[i]/a[i]}}' report.txt | sort -k1 -r -n\r\nnagios-05-29-2017-00.log 2142.27\r\nnagios-05-28-2017-00.log 2099.05\r\nnagios-05-27-2017-00.log 2152.75", "tag": [14, 15]}}, {"model": "posts.post", "pk": 25, "fields": {"user": 1, "title": "Commands for hack", "body": "> grep -A10 -B1 \"REGISTER sip\" signaling-207.239.159.171.log.1 | grep -A10 \"from UDP:173.245.67.101\" | grep \"From: <sip\" | cut -d\"@\" -f1 | sort | uniq -c\r\n32 From: <sip:16466932304", "tag": [26]}}, {"model": "posts.post", "pk": 26, "fields": {"user": 1, "title": "Mysqlbinlogs 64bit", "body": "> sudo mysqlbinlog --base64-output=decode-rows -vv mysql-bin.002787 --start-datetime=\"2017-05-31 10:50:00\" --stop-datetime=\"2017-05-31 11:25:30\" > /porta_var/tmp/583086/out_cut.log", "tag": [2, 19]}}, {"model": "posts.post", "pk": 27, "fields": {"user": 1, "title": "Set hostname", "body": "sudo hostnamectl set-hostname configurator.blueberrytelecom.com", "tag": []}}, {"model": "posts.post", "pk": 28, "fields": {"user": 1, "title": "Update from one table to another using two DBs", "body": "UPDATE \r\n`porta-billing`.DID_Numbers PB_DID\r\nJOIN\r\n`testdb`.DID_Numbers T_DID\r\nON\r\nPB_DID.i_did_number=T_DID.i_did_number\r\nSET\r\nPB_DID.i_customer=T_DID.i_customer, PB_DID.customer_markup=T_DID.customer_markup, PB_DID.released = T_DID.released\r\nWHERE\r\nPB_DID.i_customer in (<all customers>);\r\n\r\nUpdate with Join\r\n\r\nUPDATE Customers CS \r\nJOIN Invoices INV\r\nON CS.i_customer = INV.i_customer\r\nSET CS.unallocated_payments = CS.unallocated_payments - INV.payments\r\nWHERE\r\nINV.issue_date >= '2017-07-01'\r\nAND CS.i_customer in (432, 6176, 40439, 66333, 66446, 66618, 66914, 67076, 67180, 67227, 67394, 16);", "tag": [2]}}, {"model": "posts.post", "pk": 29, "fields": {"user": 1, "title": "Chop the string by the number of symbols", "body": "UPDATE Customers SET name=LEFT(name, LENGTH(name)-7) WHERE i_customer in (<all customers>);", "tag": [2]}}, {"model": "posts.post", "pk": 30, "fields": {"user": 1, "title": "Reindexing BE logs", "body": "sudo systemctl stop belog_index.service#\r\nsudo /home/porta-billing/scripts/belog_index.pl make -f porta-billing.log.201607212320", "tag": [19]}}, {"model": "posts.post", "pk": 31, "fields": {"user": 1, "title": "Make html logs from raw", "body": "pv sip.log.1 | /home/porta-sip/scripts/siplogview --html -a 196.2.126.44 \"23365858-3661771133-116539@vsl-msw2.mydomain.com-b2b_1\" > log1.html\r\n\r\nextract_time_blk.pl --from=\"Dec 13 15:35:00\" --to=\"Dec 13 15:45:00\" --file=porta-billing.log.201612140505 > be.log\r\n belog_index.pl get -n '8FF2188D 8CC83D74 44DC1F35 7C144217/1' be.log > _8FF2188D_8CC83D74_44DC1F35_7C144217.html", "tag": [19]}}, {"model": "posts.post", "pk": 32, "fields": {"user": 1, "title": "Loop over servers in installation", "body": "for isrv in `mysql -uroot porta-configurator -e \"select ip from Servers\\G\"|grep 'ip:'|awk '{print $2}'`; do \\rsh_porta.sh -t $isrv \"hostname; echo '($isrv)';  echo '================================';cut -d: -f1 /etc/passwd | egrep '(trevors|nazeer|santoshn|trevorl)';echo '================================'\";done", "tag": []}}, {"model": "posts.post", "pk": 33, "fields": {"user": 1, "title": "Debug for Elasticsearch and Logmaster", "body": "> sudo vim /etc/elasticsearch/logging.yml\r\n-rootLogger: INFO, file\r\n+rootLogger: TRACE, file\r\n\r\n> sudo systemctl restart elasticsearch\r\n\r\n> sudo vim /porta_var/sipenv-195.24.242.106/etc/logmasterlogger.conf\r\nor\r\n> sudo vim /etc/porta-one/psmsc/logmasterlogger-pb.conf\r\nlog4cplus.logger.logmaster=Info, logmaster <<<<<< instead of Info set Trace or Debug", "tag": [19]}}, {"model": "posts.post", "pk": 34, "fields": {"user": 1, "title": "Radius Queue", "body": "> sudo netstat -anp| egrep \"Recv-Q|udp\" | grep -v \" 0 0\" | awk '$2 > 0'", "tag": [29]}}, {"model": "posts.post", "pk": 35, "fields": {"user": 1, "title": "Show stacked calls. Kill them", "body": "(echo \"show call list\"; sleep 1; echo \"q\";) | nc -s 127.0.0.1 103.248.12.228 5064 | grep uptime | awk -F = '{if ($3>=3600) print $1}' | cut -d \":\" -f 1 | cut -d \" \" -f 2 | wc -l\r\n\r\nfor i in $((echo \"show call list\"; sleep 1; echo \"q\";) | nc -s 127.0.0.1 103.248.12.228 5064 | grep uptime | awk -F = '{if ($3>=3600) print $1}' | cut -d \":\" -f 1 | cut -d \" \" -f 2); do echo \"disconnect $i\" | nc -s 127.0.0.1 103.248.12.228 5064; done", "tag": []}}, {"model": "posts.post", "pk": 36, "fields": {"user": 1, "title": "Connect to dbmail", "body": "openssl s_client -crlf -connect 91.209.57.71:993\r\n\r\ntag LOGIN \"000999001@mailsip3.softcall.me\" \"YU1c47\"\r\n\r\ntag LIST \"\" \"*\"\r\n\r\n> telnet 192.168.1.5 143\r\n\r\ntag LOGIN \"000999222@mailsip3.softcall.me\" \"PASSWORD\"", "tag": [11]}}, {"model": "posts.post", "pk": 37, "fields": {"user": 1, "title": "Calls without Premium PortaCare", "body": "Only Customers with Premium Porta Care can have access to PortaOne contact center to address critical questions and concerns, escalate issues and ask to speed up the investigation.\r\n \r\nAccording to our records, you have Standard Porta Care. In order to inform us about any issues or concerns please send an email to support@portaone.com or provide your feedback in this TT with the details.\r\n\r\nIf you are interested in purchasing Premium Porta Care, please send a request to sales@portaone.com.\r\n\r\nThank you for understanding.", "tag": [4]}}, {"model": "posts.post", "pk": 38, "fields": {"user": 1, "title": "We have been monitoring for", "body": "We have been monitoring the swap usage on Porta-UM server (10.10.0.13) for the last week, and the alert has not reappeared since December 10.\r\nHowever in order to be sure that the issue disappeared, we are going to suspend the ticket for one more week for monitoring purposes. \r\n-------------------\r\nWe have been monitoring the swap usage on both database servers (192.168.71.1 and 192.168.71.2) for the last week, and the alert has not reappeared since the NUMA feature was implemented.\r\n\r\nAs currently the initial issue is not observed, we are closing the ticket. \r\nIt will be reopened if the issue reappears again.", "tag": [4]}}, {"model": "posts.post", "pk": 39, "fields": {"user": 1, "title": "Tcpdumps", "body": "By host\r\n> sudo tcpdump -n -vvvv -i any host 62.65.137.101 or host 62.65.137.127 and icmp\r\nIn files:\r\n> sudo tcpdump -i any -tttt -s0 -Z root -C 500 -W 10 -w /porta_var/tmp/515522.cap", "tag": [17]}}, {"model": "posts.post", "pk": 40, "fields": {"user": 1, "title": "Heavy requests in apache", "body": "> grep -E \"16/Sep/2016:19\" /porta_var/196.43.213.55/log/httpd-access-web.log | awk --posix '{ if (match($(NF-1),/[0-9]{7,}/)) print $(NF-1)/1000000\" sec. => \"$0 }' | sort -nr | head -20\r\n\r\nLogFormat \"%h [%P] %{PB_USERNAME}e %t \\\"%r\\\" %>s %b \\\"%{PB_ACCOUNT_ID}e\\\" \\\"%{PB_SELFCARE}e\\\" %D %{SOAPAction}i\" custom_format\r\n%h - Remote hostname\r\n%P - The process ID of the child that serviced the request.\r\n%t - Time the request was received\r\n%r - First line of request.\r\n%s - Status. %>s for the final status.\r\n%b - Size of response in bytes\r\n%D - The time taken to serve the request, in microseconds.", "tag": [31]}}, {"model": "posts.post", "pk": 41, "fields": {"user": 1, "title": "PortaCare", "body": "Your company has no valid PortaCare maintenance contract.\r\nPlease contact the Sales Department at sales@portaone.com to activate the support service. \r\n\r\nOur support service includes 24x7 system monitoring and maintenance and free upgrades to the latest\r\nmaintenance releases with new features and security patches. We strongly recommend our customers\r\nto sign up for PortaCare in order to ensure their system integrity and smooth operations. \r\n\r\nFor more information about our support services please visit our website at www.portaone.com.", "tag": [4]}}, {"model": "posts.post", "pk": 42, "fields": {"user": 1, "title": "Switch to STANDALONE", "body": "On configuration server:\r\n> /home/porta-configurator/bin/cfgctl.pl -c switch_site_mode -p mode='STANDALONE' -p site='backup'\r\n\r\nCheck that system has been switched to STANDALONE mode:\r\n> /home/porta-configurator/bin/cfgctl.pl -c get_site_mode -p site='backup'\r\n\r\nHow to revert the changes (switch system to NORMAL mode)\r\n> /home/porta-configurator/bin/cfgctl.pl -c switch_site_mode -p mode='NORMAL' -p site='backup'", "tag": []}}, {"model": "posts.post", "pk": 43, "fields": {"user": 1, "title": "Check space when many files", "body": "> for i in $(\\ls -1dr /porta_var/*) ; do sudo du -sh $i; done\r\n> for i in $(\\ls -1d /porta_var/*) ; do sudo du -sh $i; done", "tag": [21]}}, {"model": "posts.post", "pk": 44, "fields": {"user": 1, "title": "Delete index in elasticsearch", "body": "curl -XDELETE 'http://elasticsearch:9200/siplogs-69.28.195.194-daily-2017052231'\r\n\r\nhttps://rt.portaone.com/Ticket/Display.html?id=571482#txn-30280239", "tag": [18]}}, {"model": "posts.post", "pk": 45, "fields": {"user": 1, "title": "Reset password for web portal", "body": "porta-admin.pl resetpwd porta-support 5jVOvpU9EX9U", "tag": []}}, {"model": "posts.post", "pk": 46, "fields": {"user": 1, "title": "Show megacli logs", "body": "> sudo megacli -fwtermlog -dsply -aall\r\n> sudo megacli -AdpEventLog -GetLatest 1000 -f events.log -aALL", "tag": [3]}}, {"model": "posts.post", "pk": 47, "fields": {"user": 1, "title": "Schedue Taskstack task", "body": "> select * from TasksStack where i_proc in (select id from Procedures where name like 'db_checksum')\\G\r\nand than update Taskstack table", "tag": [2]}}, {"model": "posts.post", "pk": 48, "fields": {"user": 1, "title": "Show calculated statistics for customer", "body": "bzgrep 'customer_statistics/-/40439' /porta_var/porta-billing-web-1/log/task_queue.log.28.bz2 | less", "tag": [32]}}, {"model": "posts.post", "pk": 49, "fields": {"user": 1, "title": "Invoices logic", "body": "customer still owes you 226,128.87 (AMOUNT_NET) \u2013 48,768.57272(AMOUNT_PAID) = 177,360.30 ZAR (outstanding balance).", "tag": [33]}}, {"model": "posts.post", "pk": 50, "fields": {"user": 1, "title": "Grep Mysqlbinlogs", "body": "> grep -A65 @1=66496 /porta_var/tmp/587814/out_cut_2.log | grep @64\r\n\r\nTo find description of the field:\r\n\r\n> sudo mysql -uroot porta-billing -e 'Select * from Invoices limit 1\\G' | tail -n +2 | grep -n \":\" | grep 20:", "tag": [2, 33]}}, {"model": "posts.post", "pk": 51, "fields": {"user": 1, "title": "Show invoices", "body": "> SELECT INV.i_invoice, INV.period_from, INV.period_to, INV.previous_balance, INV.payments, INV.amount_due, INV.amount_net, INV.amount_paid, INVS.description FROM Invoices INV JOIN Invoice_Status_Attribs INVS ON INV.i_invoice_status = INVS.i_invoice_status WHERE INV.i_customer = 66333 AND issue_date > '2017-02-01' ORDER BY INV.period_from desc;", "tag": [33]}}, {"model": "posts.post", "pk": 52, "fields": {"user": 1, "title": "Hung update", "body": "> select * from Update_Scenarios where status='pending'\\G\r\n\r\n> update Update_Scenarios set status=\"stopped\" where i_update ='1499957397';\r\n\r\n> select * from Update_Scenario_Step_Servers se, Update_Scenario_Steps st where st.i_step=se.i_step and se.status='running'\\G\r\n\r\n> update Update_Scenario_Step_Servers se set status='failed' where i_step_server in (12893);\r\n\r\n> sudo service update-manager restart", "tag": [2, 34]}}, {"model": "posts.post", "pk": 53, "fields": {"user": 1, "title": "Port forwarding", "body": "> ssh -i .ssh/id_dsa_porta -L 193.28.87.4:2555:190.14.152.14:443 -AfN porta-one@190.14.152.14 -p 2200", "tag": []}}, {"model": "posts.post", "pk": 54, "fields": {"user": 1, "title": "Speed up the statistics on VM", "body": "> /home/porta-admin/utils/TasksStack_manager.pl -b credit_limit_warnings,mark_inactive_rates,db_checksum,CDR_cleanup,update_xchange_rates;\r\n> sudo sed -i '0,/\\[ vendors/s/\\[ vendors/#\\[ vendors/' /home/porta-admin/site_lib/Porta/Task/Statistics.pm;\r\n> sudo sed -i '0,/\\[ envs/s/\\[ envs/#\\[ envs/' /home/porta-admin/site_lib/Porta/Task/Statistics.pm;", "tag": [33]}}, {"model": "posts.post", "pk": 55, "fields": {"user": 1, "title": "Put the part of the sting into different  columns", "body": "> sed -E 's/.*(\\[.{19}\\]).*\\/([0-9]+).*from (.*)/\\2 \\1 \\3/g' negative_unallocated.log", "tag": [35]}}, {"model": "posts.post", "pk": 56, "fields": {"user": 1, "title": "Show rwaits", "body": "> echo \"show stats\" | nc 182.50.64.110 5064 | grep -B1 calls_rejected_on_max_rwaits", "tag": []}}, {"model": "posts.post", "pk": 60, "fields": {"user": 1, "title": "Per-hour", "body": "Please be informed that the resolution of the issue in ticket took 30 min.\r\nhours. Your current balance of prepaid support services is 15 min.", "tag": [4]}}, {"model": "posts.post", "pk": 61, "fields": {"user": 1, "title": "Download patch using wget", "body": "wget --user=ded --ask-password https://cgit.portaone.com/pb/porta-admin.git/patch/?id=5daefb2e771f9032986c1f1a42ae7e85c0d3d3cd -O /porta_var/tmp/BA_9761_patch", "tag": []}}, {"model": "posts.post", "pk": 62, "fields": {"user": 1, "title": "Add capabilities to binary", "body": "> sudo setcap cap_net_bind_service+ep /usr/bin/edgeproxy\r\n> sudo getcap /usr/bin/edgeproxy\r\n/usr/bin/edgeproxy = cap_net_bind_service+ep", "tag": []}}, {"model": "posts.post", "pk": 63, "fields": {"user": 1, "title": "Restart nagios services", "body": "> sudo systemctl restart nagios nsca nscasender", "tag": [15]}}, {"model": "posts.tag", "pk": 2, "fields": {"user": 1, "name": "Mysql"}}, {"model": "posts.tag", "pk": 3, "fields": {"user": 1, "name": "Disk Health"}}, {"model": "posts.tag", "pk": 4, "fields": {"user": 1, "name": "Reply"}}, {"model": "posts.tag", "pk": 5, "fields": {"user": 1, "name": "Memory"}}, {"model": "posts.tag", "pk": 6, "fields": {"user": 1, "name": "Swap"}}, {"model": "posts.tag", "pk": 7, "fields": {"user": 1, "name": "Ntp"}}, {"model": "posts.tag", "pk": 8, "fields": {"user": 1, "name": "Chronyd"}}, {"model": "posts.tag", "pk": 9, "fields": {"user": 1, "name": "LVM"}}, {"model": "posts.tag", "pk": 10, "fields": {"user": 1, "name": "Exim"}}, {"model": "posts.tag", "pk": 11, "fields": {"user": 1, "name": "Email"}}, {"model": "posts.tag", "pk": 12, "fields": {"user": 1, "name": "Routing"}}, {"model": "posts.tag", "pk": 13, "fields": {"user": 1, "name": "Certs"}}, {"model": "posts.tag", "pk": 14, "fields": {"user": 1, "name": "Monitor"}}, {"model": "posts.tag", "pk": 15, "fields": {"user": 1, "name": "Nagios"}}, {"model": "posts.tag", "pk": 16, "fields": {"user": 1, "name": "Arp"}}, {"model": "posts.tag", "pk": 17, "fields": {"user": 1, "name": "Tcpdump"}}, {"model": "posts.tag", "pk": 18, "fields": {"user": 1, "name": "Elasticsearch"}}, {"model": "posts.tag", "pk": 19, "fields": {"user": 1, "name": "Logs"}}, {"model": "posts.tag", "pk": 20, "fields": {"user": 1, "name": "Boot"}}, {"model": "posts.tag", "pk": 21, "fields": {"user": 1, "name": "Disk space"}}, {"model": "posts.tag", "pk": 22, "fields": {"user": 1, "name": "Refeed"}}, {"model": "posts.tag", "pk": 23, "fields": {"user": 1, "name": "API"}}, {"model": "posts.tag", "pk": 24, "fields": {"user": 1, "name": "REST"}}, {"model": "posts.tag", "pk": 26, "fields": {"user": 1, "name": "Hack"}}, {"model": "posts.tag", "pk": 29, "fields": {"user": 1, "name": "Radius"}}, {"model": "posts.tag", "pk": 31, "fields": {"user": 1, "name": "Apache"}}, {"model": "posts.tag", "pk": 32, "fields": {"user": 1, "name": "Taskstack"}}, {"model": "posts.tag", "pk": 33, "fields": {"user": 1, "name": "Statistics"}}, {"model": "posts.tag", "pk": 34, "fields": {"user": 1, "name": "Update"}}, {"model": "posts.tag", "pk": 35, "fields": {"user": 1, "name": "Sed"}}, {"model": "posts.tag", "pk": 68, "fields": {"user": 12, "name": "qweqwe"}}, {"model": "admin.logentry", "pk": 1, "fields": {"action_time": "2017-06-19T18:08:33.044Z", "user": 1, "content_type": 4, "object_id": "3", "object_repr": "abc", "action_flag": 3, "change_message": ""}}, {"model": "admin.logentry", "pk": 2, "fields": {"action_time": "2017-06-19T18:11:16.363Z", "user": 1, "content_type": 4, "object_id": "4", "object_repr": "abc", "action_flag": 3, "change_message": ""}}, {"model": "admin.logentry", "pk": 3, "fields": {"action_time": "2017-06-19T18:20:29.295Z", "user": 1, "content_type": 4, "object_id": "5", "object_repr": "abc", "action_flag": 3, "change_message": ""}}, {"model": "admin.logentry", "pk": 4, "fields": {"action_time": "2017-08-01T10:00:38.140Z", "user": 1, "content_type": 4, "object_id": "6", "object_repr": "abc", "action_flag": 3, "change_message": ""}}, {"model": "admin.logentry", "pk": 5, "fields": {"action_time": "2017-08-01T20:52:13.773Z", "user": 1, "content_type": 4, "object_id": "8", "object_repr": "123456", "action_flag": 3, "change_message": ""}}, {"model": "admin.logentry", "pk": 6, "fields": {"action_time": "2017-08-01T20:52:13.777Z", "user": 1, "content_type": 4, "object_id": "9", "object_repr": "1234567", "action_flag": 3, "change_message": ""}}, {"model": "admin.logentry", "pk": 7, "fields": {"action_time": "2018-07-21T14:14:13.465Z", "user": 1, "content_type": 4, "object_id": "7", "object_repr": "abc", "action_flag": 3, "change_message": ""}}]